ebird_spp_code,ebird_com_name,ebird_sci_name,total_counted,historic_cbc_com_name,lon_filter,lat_filter,prov_state_filter,bcr_filter,add_nocturnal,add_feeder,survey_suitability
abetow,Abert's Towhee,Melozone aberti,123331,Abert's Towhee,"-50,-180","90,20",!ZZ,!ZZ,0,0,
acowoo,Acorn Woodpecker,Melanerpes formicivorus,648936,"Acorn Woodpecker,Acorn Woodpecker (Acorn)","-50,-180","90,20",!ZZ,!ZZ,0,0,
afcdov1,African Collared-Dove,Streptopelia roseogrisea,5995,"African Collared-Dove,African Collared-Dove (Domestic type or Ringed Turtle-Dove)","-50,-180","90,20",!ZZ,!ZZ,0,0,
allhum,Allen's Hummingbird,Selasphorus sasin,64137,Allen's Hummingbird,"-50,-180","90,20",!ZZ,!ZZ,0,0,
altori,Altamira Oriole,Icterus gularis,3083,Altamira Oriole,"-50,-180","90,20",!ZZ,!ZZ,0,0,
ambduc,American Black Duck,Anas rubripes,8232976,American Black Duck,"-50,-180","90,20",!ZZ,!ZZ,0,0,medium
ameavo,American Avocet,Recurvirostra americana,1454466,American Avocet,"-50,-180","90,20",!ZZ,!ZZ,0,0,
amebit,American Bittern,Botaurus lentiginosus,21256,American Bittern,"-50,-180","90,20",!ZZ,!ZZ,0,0,medium
amecro,American Crow,Corvus brachyrhynchos,58065580,"American Crow,American/Northwestern Crow,Northwestern Crow","-50,-180","90,20",!ZZ,!ZZ,0,0,medium
amedip,American Dipper,Cinclus mexicanus,61065,American Dipper,"-50,-180","90,20",!ZZ,!ZZ,0,0,low
amegfi,American Goldfinch,Spinus tristis,11615312,American Goldfinch,"-50,-180","90,20",!ZZ,!ZZ,0,0,medium
amekes,American Kestrel,Falco sparverius,1511444,"American Kestrel,American Kestrel (Northern),American Kestrel (Southeastern)","-50,-180","90,20",!ZZ,!ZZ,0,0,
ameoys,American Oystercatcher,Haematopus palliatus,204251,American Oystercatcher,"-50,-180","90,20",!ZZ,!ZZ,0,0,
amepip,American Pipit,Anthus rubescens,2519430,"American Pipit,American Pipit (japonicus),American Pipit (rubescens/pacificus)","-50,-180","90,20",!ZZ,!ZZ,0,0,medium
amered,American Redstart,Setophaga ruticilla,4299,American Redstart,"-50,-180","90,20",!ZZ,!ZZ,0,0,
amerob,American Robin,Turdus migratorius,72298475,"American Robin,American Robin (migratorius Group),American Robin (nigrideus)","-50,-180","90,20",!ZZ,!ZZ,0,0,low
amewig,American Wigeon,Mareca americana,20370387,American Wigeon,"-50,-180","90,20",!ZZ,!ZZ,0,0,medium
amewoo,American Woodcock,Scolopax minor,43176,American Woodcock,"-50,-180","90,20",!ZZ,!ZZ,0,0,medium
amhgul1,American Herring Gull,Larus smithsonianus,32974621,"Herring Gull,Herring Gull (American)","-50,-180","90,20",!ZZ,!ZZ,0,0,
amtspa,American Tree Sparrow,Spizelloides arborea,8480879,American Tree Sparrow,"-50,-180","90,20",!ZZ,!ZZ,0,0,medium
amwpel,American White Pelican,Pelecanus erythrorhynchos,2169970,American White Pelican,"-50,-180","90,20",!ZZ,!ZZ,0,0,medium
ancmur,Ancient Murrelet,Synthliboramphus antiquus,136107,Ancient Murrelet,"-50,-180","90,20",!ZZ,!ZZ,0,0,
anhing,Anhinga,Anhinga anhinga,340893,Anhinga,"-50,-180","90,20",!ZZ,!ZZ,0,0,
annhum,Anna's Hummingbird,Calypte anna,865157,Anna's Hummingbird,"-50,-180","90,20",!ZZ,!ZZ,0,0,medium
aplfal,Aplomado Falcon,Falco femoralis,266,Aplomado Falcon,"-50,-180","90,20",!ZZ,!ZZ,0,0,
ariwoo,Arizona Woodpecker,Dryobates arizonae,1997,"Arizona Woodpecker,Stricklands Woodpecker","-50,-180","90,20",!ZZ,!ZZ,0,0,
astfly,Ash-throated Flycatcher,Myiarchus cinerascens,3803,Ash-throated Flycatcher,"-50,-180","90,20",!ZZ,!ZZ,0,0,
atlpuf,Atlantic Puffin,Fratercula arctica,752,Atlantic Puffin,"-50,-180","90,20",!ZZ,!ZZ,0,0,
attwoo1,American Three-toed Woodpecker,Picoides dorsalis,5247,"American Three-toed Woodpecker,American Three-toed Woodpecker (Northwest),American Three-toed Woodpecker (Rocky Mts.)","-50,-180","90,20",!ZZ,!ZZ,0,0,low
audori,Audubon's Oriole,Icterus graduacauda,1393,Audubon's Oriole,"-50,-180","90,20",!ZZ,!ZZ,0,0,
bacspa,Bachman's Sparrow,Peucaea aestivalis,2516,Bachman's Sparrow,"-50,-180","90,20",!ZZ,!ZZ,0,0,
baisan,Baird's Sandpiper,Calidris bairdii,2930,Baird's Sandpiper,"-50,-180","90,20",!ZZ,!ZZ,0,0,
baispa,Baird's Sparrow,Centronyx bairdii,466,Baird's Sparrow,"-50,-180","90,20",!ZZ,!ZZ,0,0,
baleag,Bald Eagle,Haliaeetus leucocephalus,1187405,Bald Eagle,"-50,-180","90,20",!ZZ,!ZZ,0,0,medium
balori,Baltimore Oriole,Icterus galbula,13058,Baltimore Oriole,"-50,-180","90,20",!ZZ,!ZZ,0,0,
banswa,Bank Swallow,Riparia riparia,369,Bank Swallow,"-50,-180","90,20",!ZZ,!ZZ,0,0,
bargol,Barrow's Goldeneye,Bucephala islandica,650090,Barrow's Goldeneye,"-50,-180","90,20",!ZZ,!ZZ,0,0,medium
barswa,Barn Swallow,Hirundo rustica,9522,"Barn Swallow,Barn Swallow (American)","-50,-180","90,20",!ZZ,!ZZ,0,0,
batpig1,Band-tailed Pigeon,Patagioenas fasciata,624849,"Band-tailed Pigeon,Band-tailed Pigeon (Northern)","-50,-180","90,20",!ZZ,!ZZ,0,0,
bawwar,Black-and-white Warbler,Mniotilta varia,43343,Black-and-white Warbler,"-50,-180","90,20",!ZZ,!ZZ,0,0,
bbwduc,Black-bellied Whistling-Duck,Dendrocygna autumnalis,689359,"Black-bellied Whistling-Duck,Black-bellied Whistling-Duck (autumnalis)","-50,-180","90,20",!ZZ,!ZZ,0,0,
bcnher,Black-crowned Night Heron,Nycticorax nycticorax,491174,"Black-crowned Night-Heron,Black-crowned Night-Heron (American)","-50,-180","90,20",!ZZ,!ZZ,0,0,
bcrfin,Brown-capped Rosy-Finch,Leucosticte australis,38740,Brown-capped Rosy-Finch,"-50,-180","90,20",!ZZ,!ZZ,0,0,
belkin1,Belted Kingfisher,Megaceryle alcyon,739174,Belted Kingfisher,"-50,-180","90,20",!ZZ,!ZZ,0,0,
belvir,Bell's Vireo,Vireo bellii,166,Bell's Vireo,"-50,-180","90,20",!ZZ,!ZZ,0,0,
benthr,Bendire's Thrasher,Toxostoma bendirei,1983,Bendire's Thrasher,"-50,-180","90,20",!ZZ,!ZZ,0,0,
bewwre,Bewick's Wren,Thryomanes bewickii,438294,"Bewick's Wren,Bewick's Wren (spilurus Group)","-50,-180","90,20",!ZZ,!ZZ,0,0,medium
bkbmag1,Black-billed Magpie,Pica hudsonia,2165371,Black-billed Magpie,"-50,-180","90,20",!ZZ,!ZZ,0,0,medium
bkbplo,Black-bellied Plover,Pluvialis squatarola,1645870,Black-bellied Plover,"-50,-180","90,20",!ZZ,!ZZ,0,0,low
bkbwoo,Black-backed Woodpecker,Picoides arcticus,4364,Black-backed Woodpecker,"-50,-180","90,20",!ZZ,!ZZ,0,0,medium
bkcchi,Black-capped Chickadee,Poecile atricapillus,15328459,Black-capped Chickadee,"-50,-180","90,20",!ZZ,!ZZ,0,0,medium
bkcgna,Black-capped Gnatcatcher,Polioptila nigriceps,274,Black-capped Gnatcatcher,"-50,-180","90,20",!ZZ,!ZZ,0,0,
bkchum,Black-chinned Hummingbird,Archilochus alexandri,1747,Black-chinned Hummingbird,"-50,-180","90,20",!ZZ,!ZZ,0,0,
bkcspa,Black-chinned Sparrow,Spizella atrogularis,8595,Black-chinned Sparrow,"-50,-180","90,20",!ZZ,!ZZ,0,0,
bkfalb,Black-footed Albatross,Phoebastria nigripes,209,Black-footed Albatross,"-50,-180","90,20",!ZZ,!ZZ,0,0,
bkhgro,Black-headed Grosbeak,Pheucticus melanocephalus,453,Black-headed Grosbeak,"-50,-180","90,20",!ZZ,!ZZ,0,0,
bkhgul,Black-headed Gull,Chroicocephalus ridibundus,10833,Black-headed Gull,"-50,-180","90,20",!ZZ,!ZZ,0,0,low
bkhpar,Nanday Parakeet,Aratinga nenday,28588,Nanday Parakeet,"-50,-180","90,20",!ZZ,!ZZ,0,0,
bklkit,Black-legged Kittiwake,Rissa tridactyla,701400,"Black-legged Kittiwake,Black-legged Kittiwake (pollicaris),Black-legged Kittiwake (tridactyla)","-50,-180","90,20",!ZZ,!ZZ,0,0,low
bknsti,Black-necked Stilt,Himantopus mexicanus,618942,Black-necked Stilt,"-50,-180","90,20",!ZZ,!ZZ,0,0,
bkrfin,Black Rosy-Finch,Leucosticte atrata,25366,Black Rosy-Finch,"-50,-180","90,20",!ZZ,!ZZ,0,0,
bktgna,Black-tailed Gnatcatcher,Polioptila melanura,51931,"Black-tailed Gnatcatcher,California Gnatcatcher","-50,-116.49999","90,20",!ZZ,!ZZ,0,0,
bktspa,Black-throated Sparrow,Amphispiza bilineata,242321,Black-throated Sparrow,"-50,-180","90,20",!ZZ,!ZZ,0,0,
bkvshe,Black-vented Shearwater,Puffinus opisthomelas,396362,Black-vented Shearwater,"-50,-180","90,20",!ZZ,!ZZ,0,0,
blctit4,Black-crested Titmouse,Baeolophus atricristatus,82790,"Black-crested Titmouse,Tufted Titmouse,Tufted/Black-crested Titmouse","-97,-180","90,20",!ZZ,!ZZ,0,0,
blkgui,Black Guillemot,Cepphus grylle,65562,"Black Guillemot,Black Guillemot (grylle Group)","-50,-180","90,20",!ZZ,!ZZ,0,0,low
blkoys,Black Oystercatcher,Haematopus bachmani,76526,Black Oystercatcher,"-50,-180","90,20",!ZZ,!ZZ,0,0,medium
blkpho,Black Phoebe,Sayornis nigricans,541041,"Black Phoebe,Black Phoebe (Northern)","-50,-180","90,20",!ZZ,!ZZ,0,0,
blkrai,Black Rail,Laterallus jamaicensis,1422,Black Rail,"-50,-180","90,20",!ZZ,!ZZ,0,0,
blksco2,Black Scoter,Melanitta americana,1601243,Black Scoter,"-50,-180","90,20",!ZZ,!ZZ,0,0,medium
blkski,Black Skimmer,Rynchops niger,853562,Black Skimmer,"-50,-180","90,20",!ZZ,!ZZ,0,0,
blktur,Black Turnstone,Arenaria melanocephala,275740,Black Turnstone,"-50,-180","90,20",!ZZ,!ZZ,0,0,medium
blkvul,Black Vulture,Coragyps atratus,2011014,Black Vulture,"-50,-180","90,20",!ZZ,!ZZ,0,0,medium
blugrb1,Blue Grosbeak,Passerina caerulea,337,Blue Grosbeak,"-50,-180","90,20",!ZZ,!ZZ,0,0,
blujay,Blue Jay,Cyanocitta cristata,10607935,Blue Jay,"-50,-180","90,20",!ZZ,!ZZ,0,0,medium
bncfly,Brown-crested Flycatcher,Myiarchus tyrannulus,226,Brown-crested Flycatcher,"-50,-180","90,20",!ZZ,!ZZ,0,0,
bnhcow,Brown-headed Cowbird,Molothrus ater,311756392,Brown-headed Cowbird,"-50,-180","90,20",!ZZ,!ZZ,0,0,
bnhnut,Brown-headed Nuthatch,Sitta pusilla,236207,Brown-headed Nuthatch,"-50,-180","90,20",!ZZ,!ZZ,0,0,
bohwax,Bohemian Waxwing,Bombycilla garrulus,4580310,Bohemian Waxwing,"-50,-180","90,20",!ZZ,!ZZ,0,0,medium
bongul,Bonaparte's Gull,Chroicocephalus philadelphia,5467865,Bonaparte's Gull,"-50,-180","90,20",!ZZ,!ZZ,0,0,low
borchi2,Boreal Chickadee,Poecile hudsonicus,125358,Boreal Chickadee,"-50,-180","90,20",!ZZ,!ZZ,0,0,medium
borowl,Boreal Owl,Aegolius funereus,355,Boreal Owl,"-50,-180","90,20",!ZZ,!ZZ,1,0,low
botgra,Boat-tailed Grackle,Quiscalus major,4112642,"Boat-tailed Grackle,Boat-tailed Grackle (torreyi/alabamensis),Boat-tailed Grackle (westoni)","-50,-180","90,20",!ZZ,!ZZ,0,0,
botspa,Botteri's Sparrow,Peucaea botterii,103,Botteri's Sparrow,"-50,-180","90,20",!ZZ,!ZZ,0,0,
bracor,Brandt's Cormorant,Urile penicillatus,780206,Brandt's Cormorant,"-50,-180","90,20",!ZZ,!ZZ,0,0,medium
brant,Brant,Branta bernicla,4758457,"Brant,Brant (Atlantic),Brant (Black)","-50,-180","90,20",!ZZ,!ZZ,0,0,medium
brbhum,Broad-billed Hummingbird,Cynanthus latirostris,2078,"Broad-billed Hummingbird,Broad-billed Hummingbird (Northern)","-50,-180","90,20",!ZZ,!ZZ,0,0,
brdowl,Barred Owl,Strix varia,120690,"Barred Owl,Barred Owl (Northern)","-50,-180","90,20",!ZZ,!ZZ,1,0,medium
brebla,Brewer's Blackbird,Euphagus cyanocephalus,26451216,Brewer's Blackbird,"-50,-180","90,20",!ZZ,!ZZ,0,0,medium
brespa,Brewer's Sparrow,Spizella breweri,360571,"Brewer's Sparrow,Brewer's Sparrow (breweri)","-50,-180","90,20",!ZZ,!ZZ,0,0,
britit,Bridled Titmouse,Baeolophus wollweberi,52833,Bridled Titmouse,"-50,-180","90,20",!ZZ,!ZZ,0,0,
brnboo,Brown Booby,Sula leucogaster,2239,Brown Booby,"-50,-180","90,20",!ZZ,!ZZ,0,0,
brncre,Brown Creeper,Certhia americana,540495,"Brown Creeper,Brown Creeper (albescens/alticola),Brown Creeper (occidentalis Group)","-50,-180","90,20",!ZZ,!ZZ,0,0,medium
brnjay,Brown Jay,Cyanocorax morio,530,Brown Jay,"-50,-180","90,20",!ZZ,!ZZ,0,0,
brnow,American Barn Owl,Tyto furcata,30176,"Barn Owl,Barn Owl (American)","-50,-180","90,20",!ZZ,!ZZ,1,0,
brnpel,Brown Pelican,Pelecanus occidentalis,2145102,"Brown Pelican,Brown Pelican (Atlantic),Brown Pelican (California)","-50,-180","90,20",!ZZ,!ZZ,0,0,
brnthr,Brown Thrasher,Toxostoma rufum,240781,Brown Thrasher,"-50,-180","90,20",!ZZ,!ZZ,0,0,
brocow,Bronzed Cowbird,Molothrus aeneus,230771,Bronzed Cowbird,"-50,-180","90,20",!ZZ,!ZZ,0,0,
brthum,Broad-tailed Hummingbird,Selasphorus platycercus,394,Broad-tailed Hummingbird,"-50,-180","90,20",!ZZ,!ZZ,0,0,
brwhaw,Broad-winged Hawk,Buteo platypterus,2739,"Broad-winged Hawk,Broad-winged Hawk (Northern)","-50,-180","90,20",!ZZ,!ZZ,0,0,
btbwar,Black-throated Blue Warbler,Setophaga caerulescens,1205,Black-throated Blue Warbler,"-50,-180","90,20",!ZZ,!ZZ,0,0,
btnwar,Black-throated Green Warbler,Setophaga virens,2252,Black-throated Green Warbler,"-50,-180","90,20",!ZZ,!ZZ,0,0,
btywar,Black-throated Gray Warbler,Setophaga nigrescens,5019,Black-throated Gray Warbler,"-50,-180","90,20",!ZZ,!ZZ,0,0,
bubhum,Buff-bellied Hummingbird,Amazilia yucatanensis,2752,Buff-bellied Hummingbird,"-50,-180","90,20",!ZZ,!ZZ,0,0,
budger,Budgerigar,Melopsittacus undulatus,41680,"Budgerigar,Budgerigar (Domestic type)","-50,-180","90,20",!ZZ,!ZZ,0,0,
buffle,Bufflehead,Bucephala albeola,7449457,Bufflehead,"-50,-180","90,20",!ZZ,!ZZ,0,0,medium
buggna,Blue-gray Gnatcatcher,Polioptila caerulea,557834,"Blue-gray Gnatcatcher,Blue-gray Gnatcatcher (caerulea),Blue-gray Gnatcatcher (obscura Group)","-50,-180","90,20",!ZZ,!ZZ,0,0,
buhvir,Blue-headed Vireo,Vireo solitarius,69893,Blue-headed Vireo,"-50,-180","90,20",!ZZ,!ZZ,0,0,
bulori,Bullock's Oriole,Icterus bullockii,2604,Bullock's Oriole,"-50,-180","90,20",!ZZ,!ZZ,0,0,
burowl,Burrowing Owl,Athene cunicularia,20587,Burrowing Owl,"-50,-180","90,20",!ZZ,!ZZ,1,0,
bushti,Bushtit,Psaltriparus minimus,2622194,"Bushtit,Bushtit (Black-eared),Bushtit (Interior),Bushtit (Pacific)","-50,-180","90,20",!ZZ,!ZZ,0,0,medium
buthum,Blue-throated Mountain-gem,Lampornis clemenciae,415,Blue-throated Hummingbird,"-50,-180","90,20",!ZZ,!ZZ,0,0,
buwtea,Blue-winged Teal,Spatula discors,961420,Blue-winged Teal,"-50,-180","90,20",!ZZ,!ZZ,0,0,medium
cacwre,Cactus Wren,Campylorhynchus brunneicapillus,116021,Cactus Wren,"-50,-180","90,20",!ZZ,!ZZ,0,0,
calcon,California Condor,Gymnogyps californianus,455,California Condor,"-50,-180","90,20",!ZZ,!ZZ,0,0,
calgna,California Gnatcatcher,Polioptila californica,9378,"California Gnatcatcher,Black-tailed Gnatcatcher","-116.5,-180","90,20",!ZZ,!ZZ,0,0,
calgul,California Gull,Larus californicus,4498965,"California Gull,California Gull (albertaensis),California Gull (californicus)","-50,-180","90,20",!ZZ,!ZZ,0,0,
calhum,Calliope Hummingbird,Selasphorus calliope,305,Calliope Hummingbird,"-50,-180","90,20",!ZZ,!ZZ,0,0,
calqua,California Quail,Callipepla californica,2387287,California Quail,"-50,-180","90,20",!ZZ,!ZZ,0,0,medium
calthr,California Thrasher,Toxostoma redivivum,74798,California Thrasher,"-50,-180","90,20",!ZZ,!ZZ,0,0,
caltow,California Towhee,Melozone crissalis,475670,"California Towhee,Canyon Towhee","-114.6,-180","90,20",!ZZ,!ZZ,0,0,
camwar,Cape May Warbler,Setophaga tigrina,714,Cape May Warbler,"-50,-180","90,20",!ZZ,!ZZ,0,0,
cantow,Canyon Towhee,Melozone fusca,82514,"Canyon Towhee,California Towhee","-50,-114.5999","90,20",!ZZ,!ZZ,0,0,
canvas,Canvasback,Aythya valisineria,7198203,Canvasback,"-50,-180","90,20",!ZZ,!ZZ,0,0,low
canwre,Canyon Wren,Catherpes mexicanus,41638,Canyon Wren,"-50,-180","90,20",!ZZ,!ZZ,0,0,medium
carchi,Carolina Chickadee,Poecile carolinensis,3666129,Carolina Chickadee,"-50,-180","90,20",!ZZ,!ZZ,0,0,
carwre,Carolina Wren,Thryothorus ludovicianus,2235474,Carolina Wren,"-50,-180","90,20",!ZZ,!ZZ,0,0,high
casauk,Cassin's Auklet,Ptychoramphus aleuticus,693150,Cassin's Auklet,"-50,-180","90,20",!ZZ,!ZZ,0,0,
casfin,Cassin's Finch,Haemorhous cassinii,103310,Cassin's Finch,"-50,-180","90,20",!ZZ,!ZZ,0,0,medium
caskin,Cassin's Kingbird,Tyrannus vociferans,46582,Cassin's Kingbird,"-50,-180","90,20",!ZZ,!ZZ,0,0,
casspa,Cassin's Sparrow,Peucaea cassinii,5126,Cassin's Sparrow,"-50,-180","90,20",!ZZ,!ZZ,0,0,
caster1,Caspian Tern,Hydroprogne caspia,117383,Caspian Tern,"-50,-180","90,20",!ZZ,!ZZ,0,0,
casvir,Cassin's Vireo,Vireo cassinii,812,Cassin's Vireo,"-50,-180","90,20",!ZZ,!ZZ,0,0,
categr1,Western Cattle-Egret,Ardea ibis,1572365,"Western Cattle-Egret,Cattle Egret,Cattle Egret (Western)","-50,-180","90,20",!ZZ,!ZZ,0,0,
cavswa,Cave Swallow,Petrochelidon fulva,18906,"Cave Swallow,Cave Swallow (Texas)","-50,-180","90,20",!ZZ,!ZZ,0,0,
cedwax,Cedar Waxwing,Bombycilla cedrorum,8023553,Cedar Waxwing,"-50,-180","90,20",!ZZ,!ZZ,0,0,
chbchi,Chestnut-backed Chickadee,Poecile rufescens,1078936,Chestnut-backed Chickadee,"-50,-180","90,20",!ZZ,!ZZ,0,0,medium
chclon,Chestnut-collared Longspur,Calcarius ornatus,98302,Chestnut-collared Longspur,"-50,-180","90,20",!ZZ,!ZZ,0,0,
chirav,Chihuahuan Raven,Corvus cryptoleucus,89734,Chihuahuan Raven,"-50,-180","90,20",!ZZ,!ZZ,0,0,
chispa,Chipping Sparrow,Spizella passerina,2257886,Chipping Sparrow,"-50,-180","90,20",!ZZ,!ZZ,0,0,medium
chswar,Chestnut-sided Warbler,Setophaga pensylvanica,140,Chestnut-sided Warbler,"-50,-180","90,20",!ZZ,!ZZ,0,0,
chukar,Chukar,Alectoris chukar,31846,Chukar,"-50,-180","90,20",!ZZ,!ZZ,0,0,medium
chwwid,Chuck-will's-widow,Antrostomus carolinensis,711,Chuck-will's-widow,"-50,-180","90,20",!ZZ,!ZZ,0,0,
cintea,Cinnamon Teal,Spatula cyanoptera,149412,Cinnamon Teal,"-50,-180","90,20",!ZZ,!ZZ,0,0,low
clanut,Clark's Nutcracker,Nucifraga columbiana,70963,Clark's Nutcracker,"-50,-180","90,20",!ZZ,!ZZ,0,0,low
clarai11,Clapper Rail,Rallus crepitans,3793,"Clapper Rail,Clapper Rail (Atlantic Coast),Clapper Rail (Gulf Coast),Ridgway's Rail,Ridgway's Rail (Light-footed),Ridgway's Rail (San Francisco Bay),Ridgway's Rail (Yuma),Ridgway's/Mangrove/Clapper Rail","-50,-108.9999","90,20",!ZZ,!ZZ,0,0,
clcrob,Clay-colored Thrush,Turdus grayi,545,Clay-colored Thrush,"-50,-180","90,20",!ZZ,!ZZ,0,0,
clcspa,Clay-colored Sparrow,Spizella pallida,8770,Clay-colored Sparrow,"-50,-180","90,20",!ZZ,!ZZ,0,0,
cliswa,Cliff Swallow,Petrochelidon pyrrhonota,335,Cliff Swallow,"-50,-180","90,20",!ZZ,!ZZ,0,0,
cogdov,Common Ground Dove,Columbina passerina,145970,"Common Ground Dove,Common Ground-Dove","-50,-180","90,20",!ZZ,!ZZ,0,0,
comeid,Common Eider,Somateria mollissima,5858349,"Common Eider,Common Eider (Dressers),Common Eider (Northern)","-50,-180","90,20",!ZZ,!ZZ,0,0,low
comgal1,Common Gallinule,Gallinula galeata,693125,"Common Gallinule,Common Gallinule (American)","-50,-180","90,20",!ZZ,!ZZ,0,0,
comgol,Common Goldeneye,Bucephala clangula,7102831,Common Goldeneye,"-50,-180","90,20",!ZZ,!ZZ,0,0,medium
comgra,Common Grackle,Quiscalus quiscula,454688722,"Common Grackle,Common Grackle (Bronzed),Common Grackle (Purple)","-50,-180","90,20",!ZZ,!ZZ,0,0,
comloo,Common Loon,Gavia immer,670840,Common Loon,"-50,-180","90,20",!ZZ,!ZZ,0,0,medium
commer,Common Merganser,Mergus merganser,7795249,"Common Merganser,Common Merganser (Eurasian),Common Merganser (North American)","-50,-180","90,20",!ZZ,!ZZ,0,0,medium
commur,Common Murre,Uria aalge,2311319,Common Murre,"-50,-180","90,20",!ZZ,!ZZ,0,0,
commyn,Common Myna,Acridotheres tristis,1143,Common Myna,"-50,-180","90,20",!ZZ,!ZZ,0,0,
comnig,Common Nighthawk,Chordeiles minor,182,Common Nighthawk,"-50,-180","90,20",!ZZ,!ZZ,0,0,
compau,Common Pauraque,Nyctidromus albicollis,3616,Common Pauraque,"-50,-180","90,20",!ZZ,!ZZ,0,0,
compea,Indian Peafowl,Pavo cristatus,1704,"Indian Peafowl,Indian Peafowl (Domestic type)","-50,-180","90,20",!ZZ,!ZZ,0,0,
compoo,Common Poorwill,Phalaenoptilus nuttallii,278,Common Poorwill,"-50,-180","90,20",!ZZ,!ZZ,0,0,
comrav,Common Raven,Corvus corax,3550768,Common Raven,"-50,-180","90,20",!ZZ,!ZZ,0,0,low
comter,Common Tern,Sterna hirundo,8834,Common Tern,"-50,-180","90,20",!ZZ,!ZZ,0,0,
comyel,Common Yellowthroat,Geothlypis trichas,467592,"Common Yellowthroat,Common Yellowthroat (arizela Group),Common Yellowthroat (occidentalis Group),Common Yellowthroat (trichas Group)","-50,-180","90,20",!ZZ,!ZZ,0,0,
coohaw,Cooper's Hawk,Astur cooperii,271710,Cooper's Hawk,"-50,-180","90,20",!ZZ,!ZZ,0,0,
coshum,Costa's Hummingbird,Calypte costae,13368,Costa's Hummingbird,"-50,-180","90,20",!ZZ,!ZZ,0,0,
cowscj1,California Scrub-Jay,Aphelocoma californica,10000,"California Scrub-Jay,Florida Scrub-Jay,Island Scrub-Jay,Western Scrub-Jay,Western Scrub-Jay (Coastal),Western Scrub-Jay (Woodhouse's)","-50,-180","90,20","CA,OR,WA",!ZZ,0,0,
creauk,Crested Auklet,Aethia cristatella,23349,Crested Auklet,"-50,-180","90,20",!ZZ,!ZZ,0,0,
cremyn,Crested Myna,Acridotheres cristatellus,8600,Crested Myna,"-50,-180","90,20",!ZZ,!ZZ,0,0,
crithr,Crissal Thrasher,Toxostoma crissale,19775,Crissal Thrasher,"-50,-180","90,20",!ZZ,!ZZ,0,0,
cubthr,Curve-billed Thrasher,Toxostoma curvirostre,84549,Curve-billed Thrasher,"-50,-180","90,20",!ZZ,!ZZ,0,0,
daejun,Dark-eyed Junco,Junco hyemalis,6476746,"Dark-eyed Junco,Dark-eyed Junco (Gray-headed x Red-backed),Dark-eyed Junco (Gray-headed),Dark-eyed Junco (Oregon x Gray-headed),Dark-eyed Junco (Oregon x Pink-sided),Dark-eyed Junco (Oregon),Dark-eyed Junco (Pink-sided x Gray-headed),Dark-eyed Junco (Pink-sided),Dark-eyed Junco (Red-backed),Dark-eyed Junco (Slate-colored),Dark-eyed Junco (Slate-colored/Cassiar),Dark-eyed Junco (White-winged),Dark-eyed Junco (cismontanus)","-50,-180","90,20",!ZZ,!ZZ,0,0,medium
dickci,Dickcissel,Spiza americana,1586,Dickcissel,"-50,-180","90,20",!ZZ,!ZZ,0,0,
doccor,Double-crested Cormorant,Nannopterum auritum,14553960,"Double-crested Cormorant,Double-crested Cormorant (Dark-crested),Double-crested Cormorant (White-crested)","-50,-180","90,20",!ZZ,!ZZ,0,0,medium
doveki,Dovekie,Alle alle,296966,Dovekie,"-50,-180","90,20",!ZZ,!ZZ,0,0,low
dowwoo,Downy Woodpecker,Dryobates pubescens,3628831,"Downy Woodpecker,Downy Woodpecker (Eastern),Downy Woodpecker (Pacific),Downy Woodpecker (Rocky Mts.)","-50,-180","90,20",!ZZ,!ZZ,0,0,medium
dunlin,Dunlin,Calidris alpina,15800007,"Dunlin,Dunlin (alpina)","-50,-180","90,20",!ZZ,!ZZ,0,0,low
dusfly,Dusky Flycatcher,Empidonax oberholseri,1048,Dusky Flycatcher,"-50,-180","90,20",!ZZ,!ZZ,0,0,
dusgro,Dusky Grouse,Dendragapus obscurus,209,"Dusky Grouse,Dusky/Sooty Grouse,Sooty Grouse","-50,-180","90,20",!ZZ,"04,06,09,10,11,16,17,18,34,35",0,0,medium
eargre,Eared Grebe,Podiceps nigricollis,2181095,Eared Grebe,"-50,-180","90,20",!ZZ,!ZZ,0,0,low
easblu,Eastern Bluebird,Sialia sialis,3205727,"Eastern Bluebird,Eastern Bluebird (Eastern)","-50,-180","90,20",!ZZ,!ZZ,0,0,
easkin,Eastern Kingbird,Tyrannus tyrannus,340,Eastern Kingbird,"-50,-180","90,20",!ZZ,!ZZ,0,0,
easmea,Eastern Meadowlark,Sturnella magna,2479690,"Eastern Meadowlark,Eastern Meadowlark (Eastern),Eastern Meadowlark (Lilians)","-50,-180","90,20",!ZZ,!ZZ,0,0,
easowl1,Eastern Screech-Owl,Megascops asio,222106,"Eastern Screech-Owl,Eastern Screech-Owl (Northern),Western Screech-Owl","-50,-101.9999","90,20",!ZZ,!ZZ,1,0,medium
easpho,Eastern Phoebe,Sayornis phoebe,675474,Eastern Phoebe,"-50,-180","90,20",!ZZ,!ZZ,0,0,
eastow,Eastern Towhee,Pipilo erythrophthalmus,550944,"Eastern Towhee,Eastern Towhee (Red-eyed),Eastern Towhee (White-eyed),Spotted Towhee,Spotted Towhee (maculatus Group),Spotted Towhee (oregonus Group),Spotted/Eastern Towhee (Rufous-sided Towhee)","-50,-95.9999","90,20",!ZZ,!ZZ,0,0,
easwpw1,Eastern Whip-poor-will,Antrostomus vociferus,1610,Eastern Whip-poor-will,"-50,-180","90,20",!ZZ,!ZZ,0,0,
eawpew,Eastern Wood-Pewee,Contopus virens,103,Eastern Wood-Pewee,"-50,-180","90,20",!ZZ,!ZZ,0,0,
egygoo,Egyptian Goose,Alopochen aegyptiaca,10962,Egyptian Goose,"-50,-180","90,20",!ZZ,!ZZ,0,0,
eleter1,Elegant Tern,Thalasseus elegans,162,Elegant Tern,"-50,-180","90,20",!ZZ,!ZZ,0,0,
eletro,Elegant Trogon,Trogon elegans,171,Elegant Trogon,"-50,-180","90,20",!ZZ,!ZZ,0,0,
empgoo,Emperor Goose,Anser canagicus,112822,Emperor Goose,"-50,-180","90,20",!ZZ,!ZZ,0,0,
eucdov,Eurasian Collared-Dove,Streptopelia decaocto,1788745,Eurasian Collared-Dove,"-50,-180","90,20",!ZZ,!ZZ,0,0,low
eursta,European Starling,Sturnus vulgaris,446154180,European Starling,"-50,-180","90,20",!ZZ,!ZZ,0,0,
eurwig,Eurasian Wigeon,Mareca penelope,21139,Eurasian Wigeon,"-50,-180","90,20",!ZZ,!ZZ,0,0,medium
eutspa,Eurasian Tree Sparrow,Passer montanus,135721,Eurasian Tree Sparrow,"-50,-180","90,20",!ZZ,!ZZ,0,0,
evegro,Evening Grosbeak,Coccothraustes vespertinus,2272849,"Evening Grosbeak,Evening Grosbeak (type 1)","-50,-180","90,20",!ZZ,!ZZ,0,0,medium
ferhaw,Ferruginous Hawk,Buteo regalis,32934,Ferruginous Hawk,"-50,-180","90,20",!ZZ,!ZZ,0,0,medium
fiespa,Field Sparrow,Spizella pusilla,1354612,Field Sparrow,"-50,-180","90,20",!ZZ,!ZZ,0,0,
fiscro,Fish Crow,Corvus ossifragus,5147974,Fish Crow,"-50,-180","90,20",!ZZ,!ZZ,0,0,medium
flsjay,Florida Scrub-Jay,Aphelocoma coerulescens,9405,"Florida Scrub-Jay,California Scrub-Jay,Island Scrub-Jay,Western Scrub-Jay,Western Scrub-Jay (Coastal),Western Scrub-Jay (Woodhouse's)","-50,-180","90,20",FL,!ZZ,0,0,
forter,Forster's Tern,Sterna forsteri,1011024,Forster's Tern,"-50,-180","90,20",!ZZ,!ZZ,0,0,
foxspa,Fox Sparrow,Passerella iliaca,765577,"Fox Sparrow,Fox Sparrow (Red),Fox Sparrow (Slate-colored),Fox Sparrow (Sooty),Fox Sparrow (Thick-billed)","-50,-180","90,20",!ZZ,!ZZ,0,0,medium
fragul,Franklin's Gull,Leucophaeus pipixcan,14636,Franklin's Gull,"-50,-180","90,20",!ZZ,!ZZ,0,0,
fuwduc,Fulvous Whistling-Duck,Dendrocygna bicolor,21106,Fulvous Whistling-Duck,"-50,-180","90,20",!ZZ,!ZZ,0,0,
gadwal,Gadwall,Mareca strepera,7197261,"Gadwall,Gadwall (Common)","-50,-180","90,20",!ZZ,!ZZ,0,0,medium
gamqua,Gambel's Quail,Callipepla gambelii,603409,Gambel's Quail,"-50,-180","90,20",!ZZ,!ZZ,0,0,
gbbgul,Great Black-backed Gull,Larus marinus,4187578,Great Black-backed Gull,"-50,-180","90,20",!ZZ,!ZZ,0,0,medium
gcrfin,Gray-crowned Rosy-Finch,Leucosticte tephrocotis,278192,"Gray-crowned Rosy-Finch,Gray-crowned Rosy-Finch (Hepburns),Gray-crowned Rosy-Finch (Pribilof Is.)","-50,-180","90,20",!ZZ,!ZZ,0,0,low
gilfli,Gilded Flicker,Colaptes chrysoides,14645,Gilded Flicker,"-50,-180","90,20",!ZZ,!ZZ,0,0,
gilwoo,Gila Woodpecker,Melanerpes uropygialis,133479,Gila Woodpecker,"-50,-180","90,20",!ZZ,!ZZ,0,0,
glagul,Glaucous Gull,Larus hyperboreus,64117,Glaucous Gull,"-50,-180","90,20",!ZZ,!ZZ,0,0,low
gloibi,Glossy Ibis,Plegadis falcinellus,307659,Glossy Ibis,"-50,-180","90,20",!ZZ,!ZZ,0,0,
glwgul,Glaucous-winged Gull,Larus glaucescens,6384493,Glaucous-winged Gull,"-50,-180","90,20",!ZZ,!ZZ,0,0,medium
gnttow,Green-tailed Towhee,Pipilo chlorurus,26714,Green-tailed Towhee,"-50,-180","90,20",!ZZ,!ZZ,0,0,
gnwtea,Green-winged Teal,Anas crecca,3598597,"Green-winged Teal,Green-winged Teal (American),Green-winged Teal (Eurasian),Green-winged Teal (intergrade)","-50,-180","90,20",!ZZ,!ZZ,0,0,medium
gockin,Golden-crowned Kinglet,Regulus satrapa,2440648,Golden-crowned Kinglet,"-50,-180","90,20",!ZZ,!ZZ,0,0,medium
gocspa,Golden-crowned Sparrow,Zonotrichia atricapilla,2587572,Golden-crowned Sparrow,"-50,-180","90,20",!ZZ,!ZZ,0,0,medium
gofwoo,Golden-fronted Woodpecker,Melanerpes aurifrons,72843,Golden-fronted Woodpecker,"-50,-180","90,20",!ZZ,!ZZ,0,0,
goleag,Golden Eagle,Aquila chrysaetos,61513,Golden Eagle,"-50,-180","90,20",!ZZ,!ZZ,0,0,medium
gragoo,Graylag Goose,Anser anser,846,"Graylag Goose,Graylag Goose (Domestic type)","-50,-180","90,20",!ZZ,!ZZ,0,0,
graspa,Grasshopper Sparrow,Ammodramus savannarum,17992,Grasshopper Sparrow,"-50,-180","90,20",!ZZ,!ZZ,0,0,
grbani,Groove-billed Ani,Crotophaga sulcirostris,3862,Groove-billed Ani,"-50,-180","90,20",!ZZ,!ZZ,0,0,
grbher3,Great Blue Heron,Ardea herodias,8749,"Great Blue Heron,Great Blue Heron (Blue form),Great Blue Heron (White form),Great Blue Heron (Wurdemann's)","-50,-180","90,20",!ZZ,!ZZ,0,0,medium
grcfly,Great Crested Flycatcher,Myiarchus crinitus,10433,Great Crested Flycatcher,"-50,-180","90,20",!ZZ,!ZZ,0,0,
grecor,Great Cormorant,Phalacrocorax carbo,184490,Great Cormorant,"-50,-180","90,20",!ZZ,!ZZ,0,0,low
greegr,Great Egret,Ardea alba,1618131,"Great Egret,Great Egret (American)","-50,-180","90,20",!ZZ,!ZZ,0,0,
grefla2,American Flamingo,Phoenicopterus ruber,2983,"American Flamingo,American/Greater Flamingo","-50,-180","90,20",!ZZ,!ZZ,0,0,
grekis,Great Kiskadee,Pitangus sulphuratus,39087,Great Kiskadee,"-50,-180","90,20",!ZZ,!ZZ,0,0,
greroa,Greater Roadrunner,Geococcyx californianus,37859,Greater Roadrunner,"-50,-180","90,20",!ZZ,!ZZ,0,0,
gresca,Greater Scaup,Aythya marila,9404438,Greater Scaup,"-50,-180","90,20",!ZZ,!ZZ,0,0,low
greshe,Great Shearwater,Ardenna gravis,211,Great Shearwater,"-50,-180","90,20",!ZZ,!ZZ,0,0,
greyel,Greater Yellowlegs,Tringa melanoleuca,422554,Greater Yellowlegs,"-50,-180","90,20",!ZZ,!ZZ,0,0,low
grgowl,Great Gray Owl,Strix nebulosa,2094,"Great Gray Owl,Great Gray Owl (American)","-50,-180","90,20",!ZZ,!ZZ,1,0,low
grhowl,Great Horned Owl,Bubo virginianus,360564,"Great Horned Owl,Great Horned Owl (Great Horned)","-50,-180","90,20",!ZZ,!ZZ,1,0,medium
grnher,Green Heron,Butorides virescens,73882,"Green Heron,Green Heron (anthonyi)","-50,-180","90,20",!ZZ,!ZZ,0,0,
grnjay,Green Jay,Cyanocorax yncas,37503,Green Jay,"-50,-180","90,20",!ZZ,!ZZ,0,0,
grnkin,Green Kingfisher,Chloroceryle americana,3598,Green Kingfisher,"-50,-180","90,20",!ZZ,!ZZ,0,0,
grnpar,Green Parakeet,Psittacara holochlorus,18332,Green Parakeet,"-50,-180","90,20",!ZZ,!ZZ,0,0,
grpchi,Greater Prairie-Chicken,Tympanuchus cupido,21174,"Greater Prairie-Chicken,Greater Prairie-Chicken (Attwaters)","-50,-180","90,20",!ZZ,!ZZ,0,0,
grtgra,Great-tailed Grackle,Quiscalus mexicanus,11481551,Great-tailed Grackle,"-50,-180","90,20",!ZZ,!ZZ,0,0,
grycat,Gray Catbird,Dumetella carolinensis,333166,Gray Catbird,"-50,-180","90,20",!ZZ,!ZZ,0,0,
gryfly,Gray Flycatcher,Empidonax wrightii,5871,Gray Flycatcher,"-50,-180","90,20",!ZZ,!ZZ,0,0,
gryhaw2,Gray Hawk,Buteo plagiatus,688,Gray Hawk,"-50,-180","90,20",!ZZ,!ZZ,0,0,
gryjay,Canada Jay,Perisoreus canadensis,100000,"Canada Jay,Gray Jay,Gray Jay (Northern),Gray Jay (Pacific),Gray Jay (Rocky Mts.)","-50,-180","90,20",!ZZ,!ZZ,0,0,low
grypar,Gray Partridge,Perdix perdix,189797,Gray Partridge,"-50,-180","90,20",!ZZ,!ZZ,0,0,medium
gubter2,Gull-billed Tern,Gelochelidon nilotica,12506,Gull-billed Tern,"-50,-180","90,20",!ZZ,!ZZ,0,0,
gwfgoo,Greater White-fronted Goose,Anser albifrons,8448065,"Greater White-fronted Goose,Greater White-fronted Goose (Eurasian),Greater White-fronted Goose (Greenland),Greater White-fronted Goose (Western)","-50,-180","90,20",!ZZ,!ZZ,0,0,medium
gycthr,Gray-cheeked Thrush,Catharus minimus,105,Gray-cheeked Thrush,"-50,-180","90,20",!ZZ,!ZZ,0,0,
gyrfal,Gyrfalcon,Falco rusticolus,1268,Gyrfalcon,"-50,-180","90,20",!ZZ,!ZZ,0,0,low
haiwoo,Hairy Woodpecker,Dryobates villosus,1059786,"Hairy Woodpecker,Hairy Woodpecker (Eastern),Hairy Woodpecker (Pacific)","-50,-180","90,20",!ZZ,!ZZ,0,0,medium
hamfly,Hammond's Flycatcher,Empidonax hammondii,1618,Hammond's Flycatcher,"-50,-180","90,20",!ZZ,!ZZ,0,0,
harduc,Harlequin Duck,Histrionicus histrionicus,254886,Harlequin Duck,"-50,-180","90,20",!ZZ,!ZZ,0,0,medium
harspa,Harris's Sparrow,Zonotrichia querula,766800,Harris's Sparrow,"-50,-180","90,20",!ZZ,!ZZ,0,0,medium
heegul,Heermann's Gull,Larus heermanni,387413,Heermann's Gull,"-50,-180","90,20",!ZZ,!ZZ,0,0,low
henspa,Henslow's Sparrow,Centronyx henslowii,2637,Henslow's Sparrow,"-50,-180","90,20",!ZZ,!ZZ,0,0,
heptan,Hepatic Tanager,Piranga flava,491,Hepatic Tanager,"-50,-180","90,20",!ZZ,!ZZ,0,0,
herthr,Hermit Thrush,Catharus guttatus,703098,"Hermit Thrush,Hermit Thrush (guttatus Group)","-50,-180","90,20",!ZZ,!ZZ,0,0,medium
herwar,Hermit Warbler,Setophaga occidentalis,1345,Hermit Warbler,"-50,-180","90,20",!ZZ,!ZZ,0,0,
hilmyn,Common Hill Myna,Gracula religiosa,504,Common Hill Myna,"-50,-180","90,20",!ZZ,!ZZ,0,0,
hobkit,Hook-billed Kite,Chondrohierax uncinatus,119,Hook-billed Kite,"-50,-180","90,20",!ZZ,!ZZ,0,0,
hoomer,Hooded Merganser,Lophodytes cucullatus,2038911,Hooded Merganser,"-50,-180","90,20",!ZZ,!ZZ,0,0,medium
hooori,Hooded Oriole,Icterus cucullatus,690,Hooded Oriole,"-50,-180","90,20",!ZZ,!ZZ,0,0,
horgre,Horned Grebe,Podiceps auritus,910787,Horned Grebe,"-50,-180","90,20",!ZZ,!ZZ,0,0,medium
horlar,Horned Lark,Eremophila alpestris,8645841,"Horned Lark,Horned Lark (Atlas),Horned Lark (Eastern dark Group),Horned Lark (Western pale Group)","-50,-180","90,20",!ZZ,!ZZ,0,0,medium
houfin,House Finch,Haemorhous mexicanus,14985770,"House Finch,House Finch (Common)","-50,-180","90,20",!ZZ,!ZZ,0,0,low
houspa,House Sparrow,Passer domesticus,40810476,House Sparrow,"-50,-180","90,20",!ZZ,!ZZ,0,0,medium
houwre,Northern House Wren,Troglodytes aedon,285710,"Northern House Wren,House Wren,House Wren (Brown-throated),House Wren (Northern)","-50,-180","90,20",!ZZ,!ZZ,0,0,
hrshaw,Harris's Hawk,Parabuteo unicinctus,22536,Harris's Hawk,"-50,-180","90,20",!ZZ,!ZZ,0,0,
hutvir,Hutton's Vireo,Vireo huttoni,58207,"Hutton's Vireo,Hutton's Vireo (Interior),Hutton's Vireo (Pacific)","-50,-180","90,20",!ZZ,!ZZ,0,0,medium
incdov,Inca Dove,Columbina inca,194335,Inca Dove,"-50,-180","90,20",!ZZ,!ZZ,0,0,
indbun,Indigo Bunting,Passerina cyanea,7252,Indigo Bunting,"-50,-180","90,20",!ZZ,!ZZ,0,0,
juntit1,Juniper Titmouse,Baeolophus ridgwayi,15602,"Juniper Titmouse,Oak Titmouse,Oak/Juniper Titmouse (Plain Titmouse)","-50,-180","90,20",!CA,!ZZ,0,0,
killde,Killdeer,Charadrius vociferus,4700271,Killdeer,"-50,-180","90,20",!ZZ,!ZZ,0,0,
kineid,King Eider,Somateria spectabilis,8433,King Eider,"-50,-180","90,20",!ZZ,!ZZ,0,0,low
kinrai4,King Rail,Rallus elegans,22032,"King Rail,King Rail (Northern)","-50,-180","90,20",!ZZ,!ZZ,0,0,medium
labwoo,Ladder-backed Woodpecker,Dryobates scalaris,101990,Ladder-backed Woodpecker,"-50,-180","90,20",!ZZ,!ZZ,0,0,
laplon,Lapland Longspur,Calcarius lapponicus,2016311,Lapland Longspur,"-50,-180","90,20",!ZZ,!ZZ,0,0,low
larbun,Lark Bunting,Calamospiza melanocorys,619714,Lark Bunting,"-50,-180","90,20",!ZZ,!ZZ,0,0,
larspa,Lark Sparrow,Chondestes grammacus,514153,Lark Sparrow,"-50,-180","90,20",!ZZ,!ZZ,0,0,
laugul,Laughing Gull,Leucophaeus atricilla,9900711,Laughing Gull,"-50,-180","90,20",!ZZ,!ZZ,0,0,low
lawgol,Lawrence's Goldfinch,Spinus lawrencei,35075,Lawrence's Goldfinch,"-50,-180","90,20",!ZZ,!ZZ,0,0,
layalb,Laysan Albatross,Phoebastria immutabilis,169,Laysan Albatross,"-50,-180","90,20",!ZZ,!ZZ,0,0,
lazbun,Lazuli Bunting,Passerina amoena,1710,Lazuli Bunting,"-50,-180","90,20",!ZZ,!ZZ,0,0,
lbbgul,Lesser Black-backed Gull,Larus fuscus,52605,"Lesser Black-backed Gull,Lesser Black-backed Gull (graellsii),Lesser Black-backed Gull (taimyrensis)","-50,-180","90,20",!ZZ,!ZZ,0,0,medium
leaauk,Least Auklet,Aethia pusilla,190,Least Auklet,"-50,-180","90,20",!ZZ,!ZZ,0,0,
leabit,Least Bittern,Botaurus exilis,4815,Least Bittern,"-50,-180","90,20",!ZZ,!ZZ,0,0,
leafly,Least Flycatcher,Empidonax minimus,953,Least Flycatcher,"-50,-180","90,20",!ZZ,!ZZ,0,0,
leagre,Least Grebe,Tachybaptus dominicus,14355,Least Grebe,"-50,-180","90,20",!ZZ,!ZZ,0,0,
leasan,Least Sandpiper,Calidris minutilla,2882858,Least Sandpiper,"-50,-180","90,20",!ZZ,!ZZ,0,0,low
leater1,Least Tern,Sternula antillarum,853,Least Tern,"-50,-180","90,20",!ZZ,!ZZ,0,0,
lecspa,LeConte's Sparrow,Ammospiza leconteii,33590,"LeConte's Sparrow,Le Conte's Sparrow","-50,-180","90,20",!ZZ,!ZZ,0,0,medium
lecthr,LeConte's Thrasher,Toxostoma lecontei,1079,"LeConte's Thrasher,Le Conte's Thrasher","-50,-180","90,20",!ZZ,!ZZ,0,0,
lepchi,Lesser Prairie-Chicken,Tympanuchus pallidicinctus,1744,Lesser Prairie-Chicken,"-50,-180","90,20",!ZZ,!ZZ,0,0,
lesgol,Lesser Goldfinch,Spinus psaltria,1408977,Lesser Goldfinch,"-50,-180","90,20",!ZZ,!ZZ,0,0,
lesnig,Lesser Nighthawk,Chordeiles acutipennis,280,Lesser Nighthawk,"-50,-180","90,20",!ZZ,!ZZ,0,0,
lessca,Lesser Scaup,Aythya affinis,17728389,Lesser Scaup,"-50,-180","90,20",!ZZ,!ZZ,0,0,low
lesyel,Lesser Yellowlegs,Tringa flavipes,183498,Lesser Yellowlegs,"-50,-180","90,20",!ZZ,!ZZ,0,0,
lewwoo,Lewis's Woodpecker,Melanerpes lewis,41001,Lewis's Woodpecker,"-50,-180","90,20",!ZZ,!ZZ,0,0,low
libher,Little Blue Heron,Egretta caerulea,434649,Little Blue Heron,"-50,-180","90,20",!ZZ,!ZZ,0,0,
licpar,Lilac-crowned Amazon,Amazona finschi,3755,"Lilac-crowned Amazon,Lilac-crowned Parrot","-50,-180","90,20",!ZZ,!ZZ,0,0,
limpki,Limpkin,Aramus guarauna,26976,Limpkin,"-50,-180","90,20",!ZZ,!ZZ,0,0,
linspa,Lincoln's Sparrow,Melospiza lincolnii,346086,Lincoln's Sparrow,"-50,-180","90,20",!ZZ,!ZZ,0,0,medium
litgul,Little Gull,Hydrocoloeus minutus,1286,Little Gull,"-50,-180","90,20",!ZZ,!ZZ,0,0,medium
lobcur,Long-billed Curlew,Numenius americanus,464839,Long-billed Curlew,"-50,-180","90,20",!ZZ,!ZZ,0,0,
lobdow,Long-billed Dowitcher,Limnodromus scolopaceus,1655450,Long-billed Dowitcher,"-50,-180","90,20",!ZZ,!ZZ,0,0,
lobthr,Long-billed Thrasher,Toxostoma longirostre,16623,Long-billed Thrasher,"-50,-180","90,20",!ZZ,!ZZ,0,0,
loeowl,Long-eared Owl,Asio otus,19900,"Long-eared Owl,Long-eared Owl (American)","-50,-180","90,20",!ZZ,!ZZ,1,0,low
logshr,Loggerhead Shrike,Lanius ludovicianus,593518,Loggerhead Shrike,"-50,-180","90,20",!ZZ,!ZZ,0,0,
lotduc,Long-tailed Duck,Clangula hyemalis,9960360,Long-tailed Duck,"-50,-180","90,20",!ZZ,!ZZ,0,0,medium
louwat,Louisiana Waterthrush,Parkesia motacilla,166,Louisiana Waterthrush,"-50,-180","90,20",!ZZ,!ZZ,0,0,
macwar,MacGillivray's Warbler,Geothlypis tolmiei,145,MacGillivray's Warbler,"-50,-180","90,20",!ZZ,!ZZ,0,0,
magfri,Magnificent Frigatebird,Fregata magnificens,18806,Magnificent Frigatebird,"-50,-180","90,20",!ZZ,!ZZ,0,0,
maghum1,Rivoli's Hummingbird,Eugenes fulgens,513,"Rivoli's Hummingbird,Magnificent Hummingbird","-50,-180","90,20",!ZZ,!ZZ,0,0,
magwar,Magnolia Warbler,Setophaga magnolia,703,Magnolia Warbler,"-50,-180","90,20",!ZZ,!ZZ,0,0,
mallar3,Mallard,Anas platyrhynchos,95472658,"Mallard,Mallard (Domestic type),Mallard (Mexican intergrade),Mallard (Mexican),Mallard (Northern)","-50,-180","90,20",!ZZ,!ZZ,0,0,
manduc,Mandarin Duck,Aix galericulata,584,Mandarin Duck,"-50,-180","90,20",!ZZ,!ZZ,0,0,
manshe,Manx Shearwater,Puffinus puffinus,9136,Manx Shearwater,"-50,-180","90,20",!ZZ,!ZZ,0,0,
margod,Marbled Godwit,Limosa fedoa,1379335,Marbled Godwit,"-50,-180","90,20",!ZZ,!ZZ,0,0,
marmur,Marbled Murrelet,Brachyramphus marmoratus,86328,Marbled Murrelet,"-50,-180","90,20",!ZZ,!ZZ,0,0,low
marwre,Marsh Wren,Cistothorus palustris,316993,"Marsh Wren,Marsh Wren (paludicola Group),Marsh Wren (palustris Group)","-50,-180","90,20",!ZZ,!ZZ,0,0,
masboo,Masked Booby,Sula dactylatra,731,Masked Booby,"-50,-180","90,20",!ZZ,!ZZ,0,0,
mcclon,Thick-billed Longspur,Rhynchophanes mccownii,50443,"Thick-billed Longspur,McCown's Longspur","-50,-180","90,20",!ZZ,!ZZ,0,0,
mckbun,McKay's Bunting,Plectrophenax hyperboreus,510,McKay's Bunting,"-50,-180","90,20",!ZZ,!ZZ,0,0,
merlin,Merlin,Falco columbarius,72288,"Merlin,Merlin (Black),Merlin (Pallid),Merlin (Prairie),Merlin (Taiga)","-50,-180","90,20",!ZZ,!ZZ,0,0,medium
mewgul2,Short-billed Gull,Larus brachyrhynchus,10000,"Short-billed Gull,Mew Gull,Mew Gull (American),Mew Gull (European)","-90,-180","90,20",!ZZ,!ZZ,0,0,medium
mexchi,Mexican Chickadee,Poecile sclateri,1806,Mexican Chickadee,"-50,-180","90,20",!ZZ,!ZZ,0,0,
mexjay4,Mexican Jay,Aphelocoma wollweberi,92763,Mexican Jay,"-50,-180","90,20",!ZZ,!ZZ,0,0,
mitpar,Mitred Parakeet,Psittacara mitratus,17232,Mitred Parakeet,"-50,-180","90,20",!ZZ,!ZZ,0,0,
monpar,Monk Parakeet,Myiopsitta monachus,86081,Monk Parakeet,"-50,-180","90,20",!ZZ,!ZZ,0,0,
monqua,Montezuma Quail,Cyrtonyx montezumae,7844,Montezuma Quail,"-50,-180","90,20",!ZZ,!ZZ,0,0,
motduc,Mottled Duck,Anas fulvigula,288356,"Mottled Duck,Mottled Duck (Florida),Mottled Duck (Gulf Coast)","-50,-180","90,20",!ZZ,!ZZ,0,0,
moublu,Mountain Bluebird,Sialia currucoides,444787,Mountain Bluebird,"-50,-180","90,20",!ZZ,!ZZ,0,0,
mouchi,Mountain Chickadee,Poecile gambeli,503911,"Mountain Chickadee,Mountain Chickadee (Rocky Mts.)","-50,-180","90,20",!ZZ,!ZZ,0,0,medium
moudov,Mourning Dove,Zenaida macroura,21348731,"Mourning Dove,Mourning Dove (Mainland)","-50,-180","90,20",!ZZ,!ZZ,0,0,medium
mouplo,Mountain Plover,Anarhynchus montanus,28023,Mountain Plover,"-50,-180","90,20",!ZZ,!ZZ,0,0,low
mouqua,Mountain Quail,Oreortyx pictus,14760,Mountain Quail,"-50,-180","90,20",!ZZ,!ZZ,0,0,
musduc,Muscovy Duck,Cairina moschata,88486,"Muscovy Duck,Muscovy Duck (Domestic type),Muscovy Duck (Established Feral)","-50,-180","90,20",!ZZ,!ZZ,0,0,
mutswa,Mute Swan,Cygnus olor,489445,Mute Swan,"-50,-180","90,20",!ZZ,!ZZ,0,0,medium
naswar,Nashville Warbler,Leiothlypis ruficapilla,3149,"Nashville Warbler,Nashville Warbler (ridgwayi),Nashville Warbler (ruficapilla)","-50,-180","90,20",!ZZ,!ZZ,0,0,
neocor,Neotropic Cormorant,Nannopterum brasilianum,300935,Neotropic Cormorant,"-50,-180","90,20",!ZZ,!ZZ,0,0,
nobtyr,Northern Beardless-Tyrannulet,Camptostoma imberbe,382,Northern Beardless-Tyrannulet,"-50,-180","90,20",!ZZ,!ZZ,0,0,
nohowl,Northern Hawk Owl,Surnia ulula,1536,"Northern Hawk Owl,Northern Hawk Owl (American)","-50,-180","90,20",!ZZ,!ZZ,1,0,low
nopowl,Northern Pygmy-Owl,Glaucidium gnoma,10262,"Northern Pygmy-Owl,Northern Pygmy-Owl (Pacific),Northern Pygmy-Owl (Rocky Mts.)","-50,-180","90,20",!ZZ,!ZZ,1,0,medium
norbob,Northern Bobwhite,Colinus virginianus,570354,"Northern Bobwhite,Northern Bobwhite (Eastern)","-50,-180","90,20",!ZZ,!ZZ,0,0,medium
norcar,Northern Cardinal,Cardinalis cardinalis,10108371,"Northern Cardinal,Northern Cardinal (Common)","-50,-180","90,20",!ZZ,!ZZ,0,0,medium
norfli,Northern Flicker,Colaptes auratus,838547,"Northern Flicker,Northern Flicker (Red-shafted),Northern Flicker (Yellow-shafted),Northern Flicker (intergrade)","-50,-180","90,20",!ZZ,!ZZ,0,0,
norful,Northern Fulmar,Fulmarus glacialis,51561,"Northern Fulmar,Northern Fulmar (Pacific)","-50,-180","90,20",!ZZ,!ZZ,0,0,
norgan,Northern Gannet,Morus bassanus,1512656,Northern Gannet,"-50,-180","90,20",!ZZ,!ZZ,0,0,
norgos,American Goshawk,Astur atricapillus,17785,"American Goshawk,Northern Goshawk,Northern Goshawk (American)","-50,-180","90,20",!ZZ,!ZZ,0,0,
norhar2,Northern Harrier,Circus hudsonius,707013,"Northern Harrier,Northern Harrier (American)","-50,-180","90,20",!ZZ,!ZZ,0,0,
normoc,Northern Mockingbird,Mimus polyglottos,2879045,Northern Mockingbird,"-50,-180","90,20",!ZZ,!ZZ,0,0,medium
norpar,Northern Parula,Setophaga americana,8167,Northern Parula,"-50,-180","90,20",!ZZ,!ZZ,0,0,
norpin,Northern Pintail,Anas acuta,29800105,Northern Pintail,"-50,-180","90,20",!ZZ,!ZZ,0,0,medium
norsho,Northern Shoveler,Spatula clypeata,11673488,Northern Shoveler,"-50,-180","90,20",!ZZ,!ZZ,0,0,medium
norshr4,Northern Shrike,Lanius borealis,84661,"Northern Shrike,Northern Shrike (American)","-50,-180","90,20",!ZZ,!ZZ,0,0,medium
norwat,Northern Waterthrush,Parkesia noveboracensis,4478,Northern Waterthrush,"-50,-180","90,20",!ZZ,!ZZ,0,0,
nrwswa,Northern Rough-winged Swallow,Stelgidopteryx serripennis,42576,Northern Rough-winged Swallow,"-50,-180","90,20",!ZZ,!ZZ,0,0,
nswowl,Northern Saw-whet Owl,Aegolius acadicus,17119,Northern Saw-whet Owl,"-50,-180","90,20",!ZZ,!ZZ,1,0,low
nutman,Scaly-breasted Munia,Lonchura punctulata,22137,"Scaly-breasted Munia,Scaly-breasted Munia (Checkered)","-50,-180","90,20",!ZZ,!ZZ,0,0,
nutwoo,Nuttall's Woodpecker,Dryobates nuttallii,157367,Nuttall's Woodpecker,"-50,-180","90,20",!ZZ,!ZZ,0,0,
oaktit,Oak Titmouse,Baeolophus inornatus,232713,"Oak Titmouse,Juniper Titmouse,Oak/Juniper Titmouse (Plain Titmouse)","-50,-180","90,20",CA,!ZZ,0,0,
olispa,Olive Sparrow,Arremonops rufivirgatus,10526,Olive Sparrow,"-50,-180","90,20",!ZZ,!ZZ,0,0,
oliwar,Olive Warbler,Peucedramus taeniatus,627,Olive Warbler,"-50,-180","90,20",!ZZ,!ZZ,0,0,
orcori,Orchard Oriole,Icterus spurius,291,Orchard Oriole,"-50,-180","90,20",!ZZ,!ZZ,0,0,
orcwar,Orange-crowned Warbler,Leiothlypis celata,367118,"Orange-crowned Warbler,Orange-crowned Warbler (Gray-headed),Orange-crowned Warbler (celata),Orange-crowned Warbler (lutescens)","-50,-180","90,20",!ZZ,!ZZ,0,0,
orcwax,Orange-cheeked Waxbill,Estrilda melpoda,136,Orange-cheeked Waxbill,"-50,-180","90,20",!ZZ,!ZZ,0,0,
orwpar,Orange-winged Amazon,Amazona amazonica,994,"Orange-winged Amazon,Orange-winged Parrot","-50,-180","90,20",!ZZ,!ZZ,0,0,
osprey,Osprey,Pandion haliaetus,202483,"Osprey,Osprey (carolinensis),Osprey (haliaetus)","-50,-180","90,20",!ZZ,!ZZ,0,0,
ovenbi1,Ovenbird,Seiurus aurocapilla,6095,Ovenbird,"-50,-180","90,20",!ZZ,!ZZ,0,0,
pacwre1,Pacific Wren,Troglodytes pacificus,85139,"Pacific Wren,Pacific Wren (pacificus Group),Pacific/Winter Wren,Winter Wren","-109,-180","90,20",!ZZ,!ZZ,0,0,medium
paibun,Painted Bunting,Passerina ciris,18544,Painted Bunting,"-50,-180","90,20",!ZZ,!ZZ,0,0,
paired,Painted Redstart,Myioborus pictus,896,Painted Redstart,"-50,-180","90,20",!ZZ,!ZZ,0,0,
palwar,Palm Warbler,Setophaga palmarum,764980,"Palm Warbler,Palm Warbler (Western),Palm Warbler (Yellow)","-50,-180","90,20",!ZZ,!ZZ,0,0,
parjae,Parasitic Jaeger,Stercorarius parasiticus,1761,Parasitic Jaeger,"-50,-180","90,20",!ZZ,!ZZ,0,0,
pecsan,Pectoral Sandpiper,Calidris melanotos,745,Pectoral Sandpiper,"-50,-180","90,20",!ZZ,!ZZ,0,0,
peflov,Rosy-faced Lovebird,Agapornis roseicollis,678,Rosy-faced Lovebird,"-50,-180","90,20",!ZZ,!ZZ,0,0,
pelcor,Pelagic Cormorant,Urile pelagicus,371189,Pelagic Cormorant,"-50,-180","90,20",!ZZ,!ZZ,0,0,medium
perfal,Peregrine Falcon,Falco peregrinus,40822,"Peregrine Falcon,Peregrine Falcon (North American),Peregrine Falcon (Peales)","-50,-180","90,20",!ZZ,!ZZ,0,0,medium
phaino,Phainopepla,Phainopepla nitens,162782,Phainopepla,"-50,-180","90,20",!ZZ,!ZZ,0,0,
pibgre,Pied-billed Grebe,Podilymbus podiceps,1269824,Pied-billed Grebe,"-50,-180","90,20",!ZZ,!ZZ,0,0,
pifshe,Pink-footed Shearwater,Ardenna creatopus,372,Pink-footed Shearwater,"-50,-180","90,20",!ZZ,!ZZ,0,0,
piggui,Pigeon Guillemot,Cepphus columba,92285,Pigeon Guillemot,"-50,-180","90,20",!ZZ,!ZZ,0,0,medium
pilwoo,Pileated Woodpecker,Dryocopus pileatus,523342,Pileated Woodpecker,"-50,-180","90,20",!ZZ,!ZZ,0,0,medium
pingro,Pine Grosbeak,Pinicola enucleator,779381,Pine Grosbeak,"-50,-180","90,20",!ZZ,!ZZ,0,0,medium
pinjay,Pinyon Jay,Gymnorhinus cyanocephalus,250417,Pinyon Jay,"-50,-180","90,20",!ZZ,!ZZ,0,0,
pinsis,Pine Siskin,Spinus pinus,4492495,"Pine Siskin,Pine Siskin (Northern),Pine Siskin (green morph)","-50,-180","90,20",!ZZ,!ZZ,0,0,medium
pinwar,Pine Warbler,Setophaga pinus,629925,Pine Warbler,"-50,-180","90,20",!ZZ,!ZZ,0,0,medium
pipplo,Piping Plover,Charadrius melodus,31845,Piping Plover,"-50,-180","90,20",!ZZ,!ZZ,0,0,
pitwhy,Pin-tailed Whydah,Vidua macroura,989,Pin-tailed Whydah,"-50,-180","90,20",!ZZ,!ZZ,0,0,
placha,Plain Chachalaca,Ortalis vetula,16493,Plain Chachalaca,"-50,-180","90,20",!ZZ,!ZZ,0,0,
plsvir,Plumbeous Vireo,Vireo plumbeus,1405,Plumbeous Vireo,"-50,-180","90,20",!ZZ,!ZZ,0,0,
pomjae,Pomarine Jaeger,Stercorarius pomarinus,2027,Pomarine Jaeger,"-50,-180","90,20",!ZZ,!ZZ,0,0,
prafal,Prairie Falcon,Falco mexicanus,28587,Prairie Falcon,"-50,-180","90,20",!ZZ,!ZZ,0,0,medium
prawar,Prairie Warbler,Setophaga discolor,24227,Prairie Warbler,"-50,-180","90,20",!ZZ,!ZZ,0,0,
purfin,Purple Finch,Haemorhous purpureus,992091,"Purple Finch,Purple Finch (Eastern),Purple Finch (Western)","-50,-180","90,20",!ZZ,!ZZ,0,0,medium
purgal2,Purple Gallinule,Porphyrio martinica,9739,Purple Gallinule,"-50,-180","90,20",!ZZ,!ZZ,0,0,
purmar,Purple Martin,Progne subis,441,Purple Martin,"-50,-180","90,20",!ZZ,!ZZ,0,0,
pursan,Purple Sandpiper,Calidris maritima,169346,Purple Sandpiper,"-50,-180","90,20",!ZZ,!ZZ,0,0,low
purswa3,Gray-headed Swamphen,Porphyrio poliocephalus,791,Gray-headed Swamphen,"-50,-180","90,20",!ZZ,!ZZ,0,0,
pygnut,Pygmy Nuthatch,Sitta pygmaea,371201,Pygmy Nuthatch,"-50,-180","90,20",!ZZ,!ZZ,0,0,low
pyrrhu,Pyrrhuloxia,Cardinalis sinuatus,118806,Pyrrhuloxia,"-50,-180","90,20",!ZZ,!ZZ,0,0,
razorb,Razorbill,Alca torda,268151,Razorbill,"-50,-180","90,20",!ZZ,!ZZ,0,0,
rebmer,Red-breasted Merganser,Mergus serrator,4583899,Red-breasted Merganser,"-50,-180","90,20",!ZZ,!ZZ,0,0,medium
rebnut,Red-breasted Nuthatch,Sitta canadensis,1050388,Red-breasted Nuthatch,"-50,-180","90,20",!ZZ,!ZZ,0,0,low
rebsap,Red-breasted Sapsucker,Sphyrapicus ruber,40253,"Red-breasted Sapsucker,Red-naped Sapsucker,Yellow-bellied Sapsucker,Yellow-bellied/Red-naped Sapsucker,Red-naped/Red-breasted Sapsucker","-115,-180","90,20",!ZZ,!ZZ,0,0,medium
rebwoo,Red-bellied Woodpecker,Melanerpes carolinus,2379532,Red-bellied Woodpecker,"-50,-180","90,20",!ZZ,!ZZ,0,0,medium
recpar,Red-crowned Amazon,Amazona viridigenalis,37730,"Red-crowned Amazon,Red-crowned Parrot","-50,-180","90,20",!ZZ,!ZZ,0,0,
recwoo,Red-cockaded Woodpecker,Dryobates borealis,12663,Red-cockaded Woodpecker,"-50,-180","90,20",!ZZ,!ZZ,0,0,
redcro,Red Crossbill,Loxia curvirostra,378195,"Red Crossbill,Red Crossbill (Altai),Red Crossbill (Appalachian or type 1),Red Crossbill (Douglas-fir or type 4),Red Crossbill (Ponderosa Pine or type 2),Red Crossbill (Sitka Spruce or type 10),Red Crossbill (South Hills or type 9),Red Crossbill (Western Hemlock or type 3)","-50,-180","90,20",!ZZ,!ZZ,0,0,medium
redegr,Reddish Egret,Egretta rufescens,34714,Reddish Egret,"-50,-180","90,20",!ZZ,!ZZ,0,0,
redhea,Redhead,Aythya americana,6908089,Redhead,"-50,-180","90,20",!ZZ,!ZZ,0,0,medium
redjun,Red Junglefowl,Gallus gallus,1426,"Red Junglefowl,Red Junglefowl (Domestic type)","-50,-180","90,20",!ZZ,!ZZ,0,0,
redkno,Red Knot,Calidris canutus,222143,Red Knot,"-50,-180","90,20",!ZZ,!ZZ,0,0,
redpha1,Red Phalarope,Phalaropus fulicarius,77781,Red Phalarope,"-50,-180","90,20",!ZZ,!ZZ,0,0,
redpol1,Redpoll,Acanthis flammea,3151812,"Redpoll,Common Redpoll,Common Redpoll (flammea),Common Redpoll (rostrata),Common/Hoary Redpoll,Hoary Redpoll,Hoary Redpoll (exilipes),Hoary Redpoll (hornemanni)","-50,-180","90,20",!ZZ,!ZZ,0,0,
refcor,Red-faced Cormorant,Urile urile,877,Red-faced Cormorant,"-50,-180","90,20",!ZZ,!ZZ,0,0,
rehwoo,Red-headed Woodpecker,Melanerpes erythrocephalus,322573,Red-headed Woodpecker,"-50,-180","90,20",!ZZ,!ZZ,0,0,
relpar,Red-lored Amazon,Amazona autumnalis,768,"Red-lored Amazon,Red-lored Parrot","-50,-180","90,20",!ZZ,!ZZ,0,0,
rempar,Red-masked Parakeet,Psittacara erythrogenys,7643,Red-masked Parakeet,"-50,-180","90,20",!ZZ,!ZZ,0,0,
rengre,Red-necked Grebe,Podiceps grisegena,185441,Red-necked Grebe,"-50,-180","90,20",!ZZ,!ZZ,0,0,medium
renpha,Red-necked Phalarope,Phalaropus lobatus,1315,Red-necked Phalarope,"-50,-180","90,20",!ZZ,!ZZ,0,0,
rensap,Red-naped Sapsucker,Sphyrapicus nuchalis,15659,"Red-naped Sapsucker,Red-breasted Sapsucker,Yellow-bellied Sapsucker,Yellow-bellied/Red-naped Sapsucker,Red-naped/Red-breasted Sapsucker","-102,-114.9999","90,20",!ZZ,!ZZ,0,0,medium
reshaw,Red-shouldered Hawk,Buteo lineatus,440265,"Red-shouldered Hawk,Red-shouldered Hawk (elegans)","-50,-180","90,20",!ZZ,!ZZ,0,0,
rethaw,Red-tailed Hawk,Buteo jamaicensis,2662811,"Red-tailed Hawk,Red-tailed Hawk (Harlans),Red-tailed Hawk (Kriders),Red-tailed Hawk (abieticola),Red-tailed Hawk (borealis),Red-tailed Hawk (calurus/alascensis),Red-tailed Hawk (fuertesi)","-50,-180","90,20",!ZZ,!ZZ,0,0,medium
retloo,Red-throated Loon,Gavia stellata,633610,Red-throated Loon,"-50,-180","90,20",!ZZ,!ZZ,0,0,low
revbul,Red-vented Bulbul,Pycnonotus cafer,297,Red-vented Bulbul,"-50,-180","90,20",!ZZ,!ZZ,0,0,
rewbla,Red-winged Blackbird,Agelaius phoeniceus,1273587412,"Red-winged Blackbird,Red-winged Blackbird (California Bicolored),Red-winged Blackbird (Red-winged)","-50,-180","90,20",!ZZ,!ZZ,0,0,
rewbul,Red-whiskered Bulbul,Pycnonotus jocosus,3088,Red-whiskered Bulbul,"-50,-180","90,20",!ZZ,!ZZ,0,0,
rhiauk,Rhinoceros Auklet,Cerorhinca monocerata,121413,Rhinoceros Auklet,"-50,-180","90,20",!ZZ,!ZZ,0,0,
ribgul,Ring-billed Gull,Larus delawarensis,51124835,Ring-billed Gull,"-50,-180","90,20",!ZZ,!ZZ,0,0,
ridrai1,Ridgway's Rail,Rallus obsoletus,308,"Ridgway's Rail,Clapper Rail,Clapper Rail (Atlantic Coast),Clapper Rail (Gulf Coast),Ridgway's Rail (Light-footed),Ridgway's Rail (San Francisco Bay),Ridgway's Rail (Yuma),Ridgway's/Mangrove/Clapper Rail","-109,-180","90,20",!ZZ,!ZZ,0,0,
rinduc,Ring-necked Duck,Aythya collaris,6065053,Ring-necked Duck,"-50,-180","90,20",!ZZ,!ZZ,0,0,medium
rinkin1,Ringed Kingfisher,Megaceryle torquata,2488,Ringed Kingfisher,"-50,-180","90,20",!ZZ,!ZZ,0,0,
rinphe1,Ring-necked Pheasant,Phasianus colchicus,875943,"Ring-necked Pheasant,Ring-necked Pheasant (Ring-necked)","-50,-180","90,20",!ZZ,!ZZ,0,0,low
robgro,Rose-breasted Grosbeak,Pheucticus ludovicianus,640,Rose-breasted Grosbeak,"-50,-180","90,20",!ZZ,!ZZ,0,0,
rocpig,Rock Pigeon,Columba livia,20053,"Rock Pigeon,Rock Pigeon (Feral Pigeon),Rock Pigeon (Wild type)","-50,-180","90,20",!ZZ,!ZZ,0,0,
rocpta1,Rock Ptarmigan,Lagopus muta,2049,Rock Ptarmigan,"-50,-180","90,20",!ZZ,!ZZ,0,0,
rocsan,Rock Sandpiper,Calidris ptilocnemis,151505,Rock Sandpiper,"-50,-180","90,20",!ZZ,!ZZ,0,0,low
rocwre,Rock Wren,Salpinctes obsoletus,74047,"Rock Wren,Rock Wren (Northern)","-50,-180","90,20",!ZZ,!ZZ,0,0,
rolhaw,Rough-legged Hawk,Buteo lagopus,236212,Rough-legged Hawk,"-50,-180","90,20",!ZZ,!ZZ,0,0,medium
rorpar,Rose-ringed Parakeet,Psittacula krameri,8414,Rose-ringed Parakeet,"-50,-180","90,20",!ZZ,!ZZ,0,0,
rosgoo,Ross's Goose,Anser rossii,1827548,Ross's Goose,"-50,-180","90,20",!ZZ,!ZZ,0,0,medium
rosspo1,Roseate Spoonbill,Platalea ajaja,145451,Roseate Spoonbill,"-50,-180","90,20",!ZZ,!ZZ,0,0,
roster,Roseate Tern,Sterna dougallii,103,Roseate Tern,"-50,-180","90,20",!ZZ,!ZZ,0,0,
royter1,Royal Tern,Thalasseus maximus,586922,Royal Tern,"-50,-180","90,20",!ZZ,!ZZ,0,0,
rthhum,Ruby-throated Hummingbird,Archilochus colubris,10504,Ruby-throated Hummingbird,"-50,-180","90,20",!ZZ,!ZZ,0,0,
ruckin,Ruby-crowned Kinglet,Corthylio calendula,2977836,Ruby-crowned Kinglet,"-50,-180","90,20",!ZZ,!ZZ,0,0,medium
rucspa,Rufous-crowned Sparrow,Aimophila ruficeps,62507,Rufous-crowned Sparrow,"-50,-180","90,20",!ZZ,!ZZ,0,0,
rudduc,Ruddy Duck,Oxyura jamaicensis,11027830,"Ruddy Duck,Ruddy Duck (Ruddy)","-50,-180","90,20",!ZZ,!ZZ,0,0,medium
rudtur,Ruddy Turnstone,Arenaria interpres,332099,Ruddy Turnstone,"-50,-180","90,20",!ZZ,!ZZ,0,0,low
rufgro,Ruffed Grouse,Bonasa umbellus,147221,Ruffed Grouse,"-50,-180","90,20",!ZZ,!ZZ,0,0,medium
rufhum,Rufous Hummingbird,Selasphorus rufus,5727,Rufous Hummingbird,"-50,-180","90,20",!ZZ,!ZZ,0,0,
rugdov,Ruddy Ground Dove,Columbina talpacoti,285,"Ruddy Ground Dove,Ruddy Ground-Dove","-50,-180","90,20",!ZZ,!ZZ,0,0,
rusbla,Rusty Blackbird,Euphagus carolinus,6622140,Rusty Blackbird,"-50,-180","90,20",!ZZ,!ZZ,0,0,medium
ruwspa,Rufous-winged Sparrow,Peucaea carpalis,8021,Rufous-winged Sparrow,"-50,-180","90,20",!ZZ,!ZZ,0,0,
saggro,Greater Sage-Grouse,Centrocercus urophasianus,18837,Greater Sage-Grouse,"-50,-180","90,20",!ZZ,!ZZ,0,0,
sagspa,Sagebrush/Bell's Sparrow (Sage Sparrow),Artemisiospiza nevadensis/belli,62072,"Sagebrush/Bell's Sparrow (Sage Sparrow),Bell's Sparrow,Bell's Sparrow (belli),Bell's Sparrow (canescens),Sagebrush Sparrow","-50,-180","90,20",!ZZ,!ZZ,0,0,
sagthr,Sage Thrasher,Oreoscoptes montanus,10546,Sage Thrasher,"-50,-180","90,20",!ZZ,!ZZ,0,0,
sancra,Sandhill Crane,Antigone canadensis,7588157,"Sandhill Crane,Sandhill Crane (canadensis),Sandhill Crane (pulla)","-50,-180","90,20",!ZZ,!ZZ,0,0,medium
sander,Sanderling,Calidris alba,2327707,Sanderling,"-50,-180","90,20",!ZZ,!ZZ,0,0,
santer1,Sandwich Tern,Thalasseus sandvicensis,66699,Sandwich Tern,"-50,-180","90,20",!ZZ,!ZZ,0,0,
savspa,Savannah Sparrow,Passerculus sandwichensis,3409206,"Savannah Sparrow,Savannah Sparrow (Belding's),Savannah Sparrow (Ipswich),Savannah Sparrow (Large-billed),Savannah Sparrow (Savannah)","-50,-180","90,20",!ZZ,!ZZ,0,0,
saypho,Say's Phoebe,Sayornis saya,221851,Say's Phoebe,"-50,-180","90,20",!ZZ,!ZZ,0,0,
scaqua,Scaled Quail,Callipepla squamata,113707,Scaled Quail,"-50,-180","90,20",!ZZ,!ZZ,0,0,
scoori,Scott's Oriole,Icterus parisorum,1028,Scott's Oriole,"-50,-180","90,20",!ZZ,!ZZ,0,0,
sctfly,Scissor-tailed Flycatcher,Tyrannus forficatus,3055,Scissor-tailed Flycatcher,"-50,-180","90,20",!ZZ,!ZZ,0,0,
seaspa,Seaside Sparrow,Ammospiza maritima,51946,"Seaside Sparrow,Seaside Sparrow (Atlantic),Seaside Sparrow (Dusky)","-50,-180","90,20",!ZZ,!ZZ,0,0,
sedwre1,Sedge Wren,Cistothorus stellaris,114823,"Sedge Wren,Sedge Wren (Sedge)","-50,-180","90,20",!ZZ,!ZZ,0,0,
semplo,Semipalmated Plover,Charadrius semipalmatus,551367,Semipalmated Plover,"-50,-180","90,20",!ZZ,!ZZ,0,0,
semsan,Semipalmated Sandpiper,Calidris pusilla,105445,Semipalmated Sandpiper,"-50,-180","90,20",!ZZ,!ZZ,0,0,
shbdow,Short-billed Dowitcher,Limnodromus griseus,913233,Short-billed Dowitcher,"-50,-180","90,20",!ZZ,!ZZ,0,0,
sheowl,Short-eared Owl,Asio flammeus,39581,"Short-eared Owl,Short-eared Owl (Northern)","-50,-180","90,20",!ZZ,!ZZ,1,0,medium
shicow,Shiny Cowbird,Molothrus bonariensis,118,Shiny Cowbird,"-50,-180","90,20",!ZZ,!ZZ,0,0,
shshaw,Sharp-shinned Hawk,Accipiter striatus,228440,"Sharp-shinned Hawk,Sharp-shinned Hawk (Caribbean),Sharp-shinned Hawk (Northern),Sharp-shinned Hawk (Plain-breasted)","-50,-180","90,20",!ZZ,!ZZ,0,0,
shtgro,Sharp-tailed Grouse,Tympanuchus phasianellus,142571,Sharp-tailed Grouse,"-50,-180","90,20",!ZZ,!ZZ,0,0,medium
shthaw,Short-tailed Hawk,Buteo brachyurus,1765,Short-tailed Hawk,"-50,-180","90,20",!ZZ,!ZZ,0,0,
shtshe,Short-tailed Shearwater,Ardenna tenuirostris,1999,Short-tailed Shearwater,"-50,-180","90,20",!ZZ,!ZZ,0,0,
shtspa,Nelson's/Saltmarsh Sparrow (Sharp-tailed Sparrow),Ammospiza nelsoni/caudacuta,23830,"Nelson's/Saltmarsh Sparrow (Sharp-tailed Sparrow),Nelson's Sparrow (Atlantic Coast),Nelson's Sparrow,Saltmarsh Sparrow","-50,-180","90,20",!ZZ,!ZZ,0,0,
skylar,Eurasian Skylark,Alauda arvensis,2010,"Eurasian Skylark,Sky Lark","-50,-180","90,20",!ZZ,!ZZ,0,0,
smbani,Smooth-billed Ani,Crotophaga ani,13934,Smooth-billed Ani,"-50,-180","90,20",!ZZ,!ZZ,0,0,
smilon,Smith's Longspur,Calcarius pictus,28599,Smith's Longspur,"-50,-180","90,20",!ZZ,!ZZ,0,0,low
snakit,Snail Kite,Rostrhamus sociabilis,2846,Snail Kite,"-50,-180","90,20",!ZZ,!ZZ,0,0,
snobun,Snow Bunting,Plectrophenax nivalis,4827646,Snow Bunting,"-50,-180","90,20",!ZZ,!ZZ,0,0,low
snoegr,Snowy Egret,Egretta thula,1095816,Snowy Egret,"-50,-180","90,20",!ZZ,!ZZ,0,0,
snogoo,Snow Goose,Anser caerulescens,110039904,Snow Goose,"-50,-180","90,20",!ZZ,!ZZ,0,0,medium
snoowl1,Snowy Owl,Bubo scandiacus,15931,Snowy Owl,"-50,-180","90,20",!ZZ,!ZZ,1,0,medium
snoplo5,Snowy Plover,Anarhynchus nivosus,90256,Snowy Plover,"-50,-180","90,20",!ZZ,!ZZ,0,0,
solsan,Solitary Sandpiper,Tringa solitaria,1646,Solitary Sandpiper,"-50,-180","90,20",!ZZ,!ZZ,0,0,
sonspa,Song Sparrow,Melospiza melodia,7634202,"Song Sparrow,Song Sparrow (fallax Group),Song Sparrow (heermanni Group),Song Sparrow (melodia/atlantica),Song Sparrow (montana/merrilli)","-50,-180","90,20",!ZZ,!ZZ,0,0,
soogro1,Sooty Grouse,Dendragapus fuliginosus,10000,"Sooty Grouse,Dusky/Sooty Grouse,Dusky Grouse","-50,-180","90,20",!ZZ,"05,15,32,33",0,0,medium
sooshe,Sooty Shearwater,Ardenna grisea,4638,Sooty Shearwater,"-50,-180","90,20",!ZZ,!ZZ,0,0,
sooter1,Sooty Tern,Onychoprion fuscatus,1497,Sooty Tern,"-50,-180","90,20",!ZZ,!ZZ,0,0,
sora,Sora,Porzana carolina,77275,Sora,"-50,-180","90,20",!ZZ,!ZZ,0,0,
spbori,Spot-breasted Oriole,Icterus pectoralis,1870,Spot-breasted Oriole,"-50,-180","90,20",!ZZ,!ZZ,0,0,
spodov,Spotted Dove,Spilopelia chinensis,35049,Spotted Dove,"-50,-180","90,20",!ZZ,!ZZ,0,0,
spoowl,Spotted Owl,Strix occidentalis,1088,"Spotted Owl,Spotted Owl (California),Spotted Owl (Mexican)","-50,-180","90,20",!ZZ,!ZZ,1,0,
sposan,Spotted Sandpiper,Actitis macularius,98842,Spotted Sandpiper,"-50,-180","90,20",!ZZ,!ZZ,0,0,
spotow,Spotted Towhee,Pipilo maculatus,976031,"Spotted Towhee,Spotted Towhee (maculatus Group),Spotted Towhee (oregonus Group),Spotted/Eastern Towhee (Rufous-sided Towhee),Eastern Towhee,Eastern Towhee (Red-eyed),Eastern Towhee (White-eyed)","-96,-180","90,20",!ZZ,!ZZ,0,0,medium
sprgro,Spruce Grouse,Canachites canadensis,3749,"Spruce Grouse,Spruce Grouse (Franklins)","-50,-180","90,20",!ZZ,!ZZ,0,0,low
sprpip,Sprague's Pipit,Anthus spragueii,9012,Sprague's Pipit,"-50,-180","90,20",!ZZ,!ZZ,0,0,low
steeid,Steller's Eider,Polysticta stelleri,118172,Steller's Eider,"-50,-180","90,20",!ZZ,!ZZ,0,0,
stejay,Steller's Jay,Cyanocitta stelleri,765707,"Steller's Jay,Steller's Jay (Coastal),Steller's Jay (Interior)","-50,-180","90,20",!ZZ,!ZZ,0,0,medium
stisan,Stilt Sandpiper,Calidris himantopus,28370,Stilt Sandpiper,"-50,-180","90,20",!ZZ,!ZZ,0,0,
sumtan,Summer Tanager,Piranga rubra,1598,Summer Tanager,"-50,-180","90,20",!ZZ,!ZZ,0,0,
surfbi,Surfbird,Calidris virgata,69042,Surfbird,"-50,-180","90,20",!ZZ,!ZZ,0,0,low
sursco,Surf Scoter,Melanitta perspicillata,4968187,Surf Scoter,"-50,-180","90,20",!ZZ,!ZZ,0,0,medium
swahaw,Swainson's Hawk,Buteo swainsoni,1024,Swainson's Hawk,"-50,-180","90,20",!ZZ,!ZZ,0,0,
swaspa,Swamp Sparrow,Melospiza georgiana,1550712,Swamp Sparrow,"-50,-180","90,20",!ZZ,!ZZ,0,0,medium
swathr,Swainson's Thrush,Catharus ustulatus,610,Swainson's Thrush,"-50,-180","90,20",!ZZ,!ZZ,0,0,
tamcro,Tamaulipas Crow,Corvus imparatus,5298,Tamaulipas Crow,"-50,-180","90,20",!ZZ,!ZZ,0,0,
tenwar,Tennessee Warbler,Leiothlypis peregrina,476,Tennessee Warbler,"-50,-180","90,20",!ZZ,!ZZ,0,0,
thbmur,Thick-billed Murre,Uria lomvia,132406,Thick-billed Murre,"-50,-180","90,20",!ZZ,!ZZ,0,0,
towsol,Townsend's Solitaire,Myadestes townsendi,209852,Townsend's Solitaire,"-50,-180","90,20",!ZZ,!ZZ,0,0,medium
towwar,Townsend's Warbler,Setophaga townsendi,163499,Townsend's Warbler,"-50,-180","90,20",!ZZ,!ZZ,0,0,
treswa,Tree Swallow,Tachycineta bicolor,18142976,Tree Swallow,"-50,-180","90,20",!ZZ,!ZZ,0,0,
tribla,Tricolored Blackbird,Agelaius tricolor,1120332,Tricolored Blackbird,"-50,-180","90,20",!ZZ,!ZZ,0,0,
triher,Tricolored Heron,Egretta tricolor,357653,Tricolored Heron,"-50,-180","90,20",!ZZ,!ZZ,0,0,
truswa,Trumpeter Swan,Cygnus buccinator,597196,Trumpeter Swan,"-50,-180","90,20",!ZZ,!ZZ,0,0,medium
tufduc,Tufted Duck,Aythya fuligula,1209,Tufted Duck,"-50,-180","90,20",!ZZ,!ZZ,0,0,medium
tuftit,Tufted Titmouse,Baeolophus bicolor,4204637,"Tufted Titmouse,Black-crested Titmouse,Tufted/Black-crested Titmouse","-50,-96.9999","90,20",!ZZ,!ZZ,0,0,medium
tunswa,Tundra Swan,Cygnus columbianus,5283891,"Tundra Swan,Tundra Swan (Bewicks),Tundra Swan (Whistling)","-50,-180","90,20",!ZZ,!ZZ,0,0,medium
turvul,Turkey Vulture,Cathartes aura,4226654,"Turkey Vulture,Turkey Vulture (Northern)","-50,-180","90,20",!ZZ,!ZZ,0,0,
varthr,Varied Thrush,Ixoreus naevius,574175,Varied Thrush,"-50,-180","90,20",!ZZ,!ZZ,0,0,medium
vauswi,Vaux's Swift,Chaetura vauxi,2304,"Vaux's Swift,Vaux's Swift (Vaux's)","-50,-180","90,20",!ZZ,!ZZ,0,0,
verdin,Verdin,Auriparus flaviceps,139213,Verdin,"-50,-180","90,20",!ZZ,!ZZ,0,0,
verfly,Vermilion Flycatcher,Pyrocephalus rubinus,31920,Vermilion Flycatcher,"-50,-180","90,20",!ZZ,!ZZ,0,0,
vesspa,Vesper Sparrow,Pooecetes gramineus,540686,Vesper Sparrow,"-50,-180","90,20",!ZZ,!ZZ,0,0,
vichum,Violet-crowned Hummingbird,Ramosomyia violiceps,106,Violet-crowned Hummingbird,"-50,-180","90,20",!ZZ,!ZZ,0,0,
vigswa,Violet-green Swallow,Tachycineta thalassina,22725,Violet-green Swallow,"-50,-180","90,20",!ZZ,!ZZ,0,0,
virrai,Virginia Rail,Rallus limicola,88574,"Virginia Rail,Virginia Rail (Virginia)","-50,-180","90,20",!ZZ,!ZZ,0,0,
wantat1,Wandering Tattler,Tringa incana,2410,Wandering Tattler,"-50,-180","90,20",!ZZ,!ZZ,0,0,low
warwhe1,Warbling White-eye,Zosterops japonicus,5953,"Warbling White-eye,Japanese White-eye","-50,-180","90,20",!ZZ,!ZZ,0,0,
wesblu,Western Bluebird,Sialia mexicana,1051433,Western Bluebird,"-50,-180","90,20",!ZZ,!ZZ,0,0,medium
wesfly,Western Flycatcher,Empidonax difficilis,154,"Western Flycatcher,Pacific-slope Flycatcher,Cordilleran Flycatcher,Pacific-slope/Cordilleran Flycatcher (Western Flycatcher)","-50,-180","90,20",!ZZ,!ZZ,0,0,
wesgul,Western Gull,Larus occidentalis,2530105,Western Gull,"-50,-180","90,20",!ZZ,!ZZ,0,0,medium
weskin,Western Kingbird,Tyrannus verticalis,2160,Western Kingbird,"-50,-180","90,20",!ZZ,!ZZ,0,0,
wesmea,Western Meadowlark,Sturnella neglecta,3021513,Western Meadowlark,"-50,-180","90,20",!ZZ,!ZZ,0,0,
wesowl1,Western Screech-Owl,Megascops kennicottii,20590,"Western Screech-Owl,Eastern Screech-Owl,Eastern Screech-Owl (Northern)","-102,-180","90,20",!ZZ,!ZZ,1,0,low
wessan,Western Sandpiper,Calidris mauri,5731200,Western Sandpiper,"-50,-180","90,20",!ZZ,!ZZ,0,0,medium
westan,Western Tanager,Piranga ludoviciana,3033,Western Tanager,"-50,-180","90,20",!ZZ,!ZZ,0,0,
whbnut,White-breasted Nuthatch,Sitta carolinensis,3219025,"White-breasted Nuthatch,White-breasted Nuthatch (Eastern),White-breasted Nuthatch (Interior West),White-breasted Nuthatch (Pacific)","-50,-180","90,20",!ZZ,!ZZ,0,0,medium
whcpig2,White-crowned Pigeon,Patagioenas leucocephala,5058,White-crowned Pigeon,"-50,-180","90,20",!ZZ,!ZZ,0,0,
whcspa,White-crowned Sparrow,Zonotrichia leucophrys,10472724,"White-crowned Sparrow,White-crowned Sparrow (Dark-lored),White-crowned Sparrow (Gambels),White-crowned Sparrow (Yellow-billed),White-crowned Sparrow (leucophrys),White-crowned Sparrow (oriantha),White-crowned Sparrow (pugetensis)","-50,-180","90,20",!ZZ,!ZZ,0,0,medium
whepar2,White-eyed Parakeet,Psittacara leucophthalmus,2349,White-eyed Parakeet,"-50,-180","90,20",!ZZ,!ZZ,0,0,
whevir,White-eyed Vireo,Vireo griseus,73555,"White-eyed Vireo,White-eyed Vireo (White-eyed)","-50,-180","90,20",!ZZ,!ZZ,0,0,
whfibi,White-faced Ibis,Plegadis chihi,2379256,White-faced Ibis,"-50,-180","90,20",!ZZ,!ZZ,0,0,
whfpar1,White-fronted Amazon,Amazona albifrons,184,"White-fronted Amazon,White-fronted Parrot","-50,-180","90,20",!ZZ,!ZZ,0,0,
whhwoo,White-headed Woodpecker,Dryobates albolarvatus,5680,White-headed Woodpecker,"-50,-180","90,20",!ZZ,!ZZ,0,0,
whiauk,Whiskered Auklet,Aethia pygmaea,111,Whiskered Auklet,"-50,-180","90,20",!ZZ,!ZZ,0,0,
whiibi,White Ibis,Eudocimus albus,4049783,White Ibis,"-50,-180","90,20",!ZZ,!ZZ,0,0,
whimbr,Whimbrel,Numenius phaeopus,33390,"Whimbrel,Whimbrel (American),Whimbrel (European)","-50,-180","90,20",!ZZ,!ZZ,0,0,
whocra,Whooping Crane,Grus americana,4789,Whooping Crane,"-50,-180","90,20",!ZZ,!ZZ,0,0,medium
whrsan,White-rumped Sandpiper,Calidris fuscicollis,1324,White-rumped Sandpiper,"-50,-180","90,20",!ZZ,!ZZ,0,0,
whsowl1,Whiskered Screech-Owl,Megascops trichopsis,467,Whiskered Screech-Owl,"-50,-180","90,20",!ZZ,!ZZ,1,0,
whtdov,White-tipped Dove,Leptotila verreauxi,6939,White-tipped Dove,"-50,-180","90,20",!ZZ,!ZZ,0,0,
whthaw,White-tailed Hawk,Geranoaetus albicaudatus,9614,White-tailed Hawk,"-50,-180","90,20",!ZZ,!ZZ,0,0,
whtkit,White-tailed Kite,Elanus leucurus,91676,White-tailed Kite,"-50,-180","90,20",!ZZ,!ZZ,0,0,
whtpta1,White-tailed Ptarmigan,Lagopus leucura,631,White-tailed Ptarmigan,"-50,-180","90,20",!ZZ,!ZZ,0,0,
whtspa,White-throated Sparrow,Zonotrichia albicollis,10128925,White-throated Sparrow,"-50,-180","90,20",!ZZ,!ZZ,0,0,medium
whtswi,White-throated Swift,Aeronautes saxatalis,211087,White-throated Swift,"-50,-180","90,20",!ZZ,!ZZ,0,0,
whwcro,White-winged Crossbill,Loxia leucoptera,433559,"White-winged Crossbill,White-winged Crossbill (leucoptera)","-50,-180","90,20",!ZZ,!ZZ,0,0,low
whwdov,White-winged Dove,Zenaida asiatica,1039420,White-winged Dove,"-50,-180","90,20",!ZZ,!ZZ,0,0,
whwpar,White-winged Parakeet,Brotogeris versicolurus,1946,White-winged Parakeet,"-50,-180","90,20",!ZZ,!ZZ,0,0,
whwsco2,White-winged Scoter,Melanitta deglandi,2108374,"White-winged Scoter,White-winged Scoter (North American)","-50,-180","90,20",!ZZ,!ZZ,0,0,medium
willet1,Willet,Tringa semipalmata,1834818,"Willet,Willet (Eastern),Willet (Western)","-50,-180","90,20",!ZZ,!ZZ,0,0,
wilpha,Wilson's Phalarope,Phalaropus tricolor,1344,Wilson's Phalarope,"-50,-180","90,20",!ZZ,!ZZ,0,0,
wilplo,Wilson's Plover,Anarhynchus wilsonia,18000,Wilson's Plover,"-50,-180","90,20",!ZZ,!ZZ,0,0,
wilpta,Willow Ptarmigan,Lagopus lagopus,18539,"Willow Ptarmigan,Willow Ptarmigan (Willow)","-50,-180","90,20",!ZZ,!ZZ,0,0,low
wilsap,Williamson's Sapsucker,Sphyrapicus thyroideus,1802,Williamson's Sapsucker,"-50,-180","90,20",!ZZ,!ZZ,0,0,
wiltur,Wild Turkey,Meleagris gallopavo,2254194,"Wild Turkey,Wild Turkey (Domestic type)","-50,-180","90,20",!ZZ,!ZZ,0,0,medium
winwre3,Winter Wren,Troglodytes hiemalis,65250,"Winter Wren,Pacific Wren,Pacific Wren (pacificus Group),Pacific/Winter Wren","-50,-108.9999","90,20",!ZZ,!ZZ,0,0,medium
wlswar,Wilson's Warbler,Cardellina pusilla,9028,"Wilson's Warbler,Wilson's Warbler (pileolata)","-50,-180","90,20",!ZZ,!ZZ,0,0,
woewar1,Worm-eating Warbler,Helmitheros vermivorum,197,Worm-eating Warbler,"-50,-180","90,20",!ZZ,!ZZ,0,0,
wooduc,Wood Duck,Aix sponsa,969598,Wood Duck,"-50,-180","90,20",!ZZ,!ZZ,0,0,
wooscj2,Woodhouse's Scrub-Jay,Aphelocoma woodhouseii,100000,"Woodhouse's Scrub-Jay,California Scrub-Jay,Florida Scrub-Jay,Island Scrub-Jay,Western Scrub-Jay,Western Scrub-Jay (Coastal),Western Scrub-Jay (Woodhouse's)","-50,-180","90,20","AZ,NV,ID,UT,NM,CO,WY,TX",!ZZ,0,0,
woosto,Wood Stork,Mycteria americana,209920,Wood Stork,"-50,-180","90,20",!ZZ,!ZZ,0,0,
woothr,Wood Thrush,Hylocichla mustelina,412,Wood Thrush,"-50,-180","90,20",!ZZ,!ZZ,0,0,
wrenti,Wrentit,Chamaea fasciata,297590,Wrentit,"-50,-180","90,20",!ZZ,!ZZ,0,0,
y00012,Western/Clark's Grebe,Aechmophorus occidentalis/clarkii,605308,"Western/Clark's Grebe,Western Grebe,Clark's Grebe","-50,-180","90,20",!ZZ,!ZZ,0,0,
y00219,Arctic/Pacific Loon,Gavia arctica/pacifica,100000,"Arctic/Pacific Loon,Arctic Loon,Pacific Loon","-50,-180","90,20",!ZZ,!ZZ,0,0,
y00222,American/Pacific Golden-Plover (Lesser Golden-Plover),Pluvialis dominica/fulva,662,"American/Pacific Golden-Plover (Lesser Golden-Plover),American Golden-Plover,Pacific Golden-Plover","-50,-180","90,20",!ZZ,!ZZ,0,0,
y00325,Tropical/Couch's Kingbird,Tyrannus melancholicus/couchii,2334,"Tropical/Couch's Kingbird,Tropical Kingbird,Couch's Kingbird","-50,-180","90,20",!ZZ,!ZZ,0,0,
y00470,Cackling/Canada Goose,Branta hutchinsii/canadensis,384726,"Cackling/Canada Goose,Cackling Goose,Cackling Goose (Aleutian),Cackling Goose (Richardson's),Cackling Goose (minima),Canada Goose,Canada Goose (moffitti/maxima),Canada Goose (occidentalis/fulva),Canada Goose (parvipes)","-50,-180","90,20",!ZZ,!ZZ,0,0,
y00475,American Coot,Fulica americana,33403009,American Coot,"-50,-180","90,20",!ZZ,!ZZ,0,0,
y00477,Common/Wilson's Snipe,Gallinago gallinago/delicata,399152,"Common/Wilson's Snipe,Wilson's Snipe,Common Snipe,Wilson's/Common Snipe","-50,-180","90,20",!ZZ,!ZZ,0,0,
y00478,Iceland Gull,Larus glaucoides,254926,"Iceland Gull,Iceland Gull (kumlieni),Thayer's Gull,Thayer's/Iceland Gull","-50,-180","90,20",!ZZ,!ZZ,0,0,low
y00483,White-winged/Yellow-chevroned Parakeet,Brotogeris versicolurus/chiriri,6248,"White-winged/Yellow-chevroned Parakeet,White-winged Parakeet,Yellow-chevroned Parakeet","-50,-180","90,20",!ZZ,!ZZ,0,0,
y00678,Crested Caracara,Caracara plancus,60419,Crested Caracara,"-50,-180","90,20",!ZZ,!ZZ,0,0,
ycnher,Yellow-crowned Night Heron,Nyctanassa violacea,46280,"Yellow-crowned Night Heron,Yellow-crowned Night-Heron,Yellow-crowned Night-Heron (Yellow-crowned)","-50,-180","90,20",!ZZ,!ZZ,0,0,
yebcha,Yellow-breasted Chat,Icteria virens,2625,"Yellow-breasted Chat,Yellow-breasted Chat (auricollis)","-50,-180","90,20",!ZZ,!ZZ,0,0,
yebloo,Yellow-billed Loon,Gavia adamsii,1362,Yellow-billed Loon,"-50,-180","90,20",!ZZ,!ZZ,0,0,low
yebmag,Yellow-billed Magpie,Pica nuttalli,260521,Yellow-billed Magpie,"-50,-180","90,20",!ZZ,!ZZ,0,0,
yebsap,Yellow-bellied Sapsucker,Sphyrapicus varius,405538,"Yellow-bellied Sapsucker,Red-naped Sapsucker,Red-breasted Sapsucker,Yellow-bellied/Red-naped Sapsucker,Red-naped/Red-breasted Sapsucker","-50,-101.9999","90,20",!ZZ,!ZZ,0,0,medium
yeejun,Yellow-eyed Junco,Junco phaeonotus,17326,Yellow-eyed Junco,"-50,-180","90,20",!ZZ,!ZZ,0,0,
yefgul,Yellow-footed Gull,Larus livens,354,Yellow-footed Gull,"-50,-180","90,20",!ZZ,!ZZ,0,0,
yehbla,Yellow-headed Blackbird,Xanthocephalus xanthocephalus,986240,Yellow-headed Blackbird,"-50,-180","90,20",!ZZ,!ZZ,0,0,
yehpar,Yellow-headed Amazon,Amazona oratrix,885,"Yellow-headed Amazon,Yellow-headed Parrot","-50,-180","90,20",!ZZ,!ZZ,0,0,
yelrai,Yellow Rail,Coturnicops noveboracensis,897,Yellow Rail,"-50,-180","90,20",!ZZ,!ZZ,0,0,low
yelwar,Yellow Warbler,Setophaga petechia,3768,"Yellow Warbler,Yellow Warbler (Golden),Yellow Warbler (Mangrove),Yellow Warbler (Northern)","-50,-180","90,20",!ZZ,!ZZ,0,0,
yerwar,Yellow-rumped Warbler,Setophaga coronata,2147659,"Yellow-rumped Warbler,Yellow-rumped Warbler (Audubon's),Yellow-rumped Warbler (Myrtle x Audubon's),Yellow-rumped Warbler (Myrtle)","-50,-180","90,20",!ZZ,!ZZ,0,0,
yetvir,Yellow-throated Vireo,Vireo flavifrons,762,Yellow-throated Vireo,"-50,-180","90,20",!ZZ,!ZZ,0,0,
yetwar,Yellow-throated Warbler,Setophaga dominica,26831,"Yellow-throated Warbler,Yellow-throated Warbler (albilora)","-50,-180","90,20",!ZZ,!ZZ,0,0,
zothaw,Zone-tailed Hawk,Buteo albonotatus,394,Zone-tailed Hawk,"-50,-180","90,20",!ZZ,!ZZ,0,0,
